"data_interesse";"txcompetencia";"idatendimento"
"2019-01-01";"Química Forense";"3387"
"2019-01-01";"Traumatologia Forense";"2536"
"2019-01-01";"Local de crime contra o patrimônio";"1213"
"2019-01-01";"Identificação de veículos";"689"
"2019-01-01";"Informática Forense";"648"
"2019-01-01";"Tanatologia Forense";"629"
"2019-01-01";"Balística";"615"
"2019-01-01";"Local de crime contra a vida";"548"
"2019-01-01";"Sexologia Forense";"185"
"2019-01-01";"Engenharia Forense";"176"
"2019-01-01";"Perícias papiloscópicas";"160"
"2019-01-01";"Vestígios Biológicos";"160"
"2019-01-01";"Documentoscopia";"146"
"2019-01-01";"Toxicologia Forense";"110"
"2019-01-01";"Perícias ambientais";"86"
"2019-01-01";"Bioquímica Forense";"79"
"2019-01-01";"Áudio e Imagem";"37"
"2019-01-01";"Merceologia";"20"
"2019-01-01";"Anatomopatologia Forense";"14"
"2019-02-01";"Química Forense";"3988"
"2019-02-01";"Traumatologia Forense";"2400"
"2019-02-01";"Local de crime contra o patrimônio";"872"
"2019-02-01";"Identificação de veículos";"700"
"2019-02-01";"Balística";"671"
"2019-02-01";"Informática Forense";"614"
"2019-02-01";"Tanatologia Forense";"529"
"2019-02-01";"Local de crime contra a vida";"506"
"2019-02-01";"Perícias papiloscópicas";"223"
"2019-02-01";"Sexologia Forense";"196"
"2019-02-01";"Vestígios Biológicos";"169"
"2019-02-01";"Documentoscopia";"144"
"2019-02-01";"Engenharia Forense";"141"
"2019-02-01";"Toxicologia Forense";"139"
"2019-02-01";"Perícias ambientais";"93"
"2019-02-01";"Anatomopatologia Forense";"75"
"2019-02-01";"Bioquímica Forense";"54"
"2019-02-01";"Merceologia";"31"
"2019-02-01";"Áudio e Imagem";"25"
"2019-02-01";"Antropologia Forense";"2"
"2019-03-01";"Química Forense";"3801"
"2019-03-01";"Traumatologia Forense";"2248"
"2019-03-01";"Local de crime contra o patrimônio";"914"
"2019-03-01";"Identificação de veículos";"649"
"2019-03-01";"Balística";"534"
"2019-03-01";"Tanatologia Forense";"502"
"2019-03-01";"Local de crime contra a vida";"484"
"2019-03-01";"Informática Forense";"449"
"2019-03-01";"Bioquímica Forense";"405"
"2019-03-01";"Toxicologia Forense";"254"
"2019-03-01";"Vestígios Biológicos";"250"
"2019-03-01";"Sexologia Forense";"176"
"2019-03-01";"Documentoscopia";"170"
"2019-03-01";"Engenharia Forense";"159"
"2019-03-01";"Perícias papiloscópicas";"127"
"2019-03-01";"Perícias ambientais";"119"
"2019-03-01";"Anatomopatologia Forense";"31"
"2019-03-01";"Áudio e Imagem";"25"
"2019-03-01";"Merceologia";"22"
"2019-03-01";"Contabilidade Forense";"1"
"2019-04-01";"Química Forense";"3249"
"2019-04-01";"Traumatologia Forense";"2474"
"2019-04-01";"Local de crime contra o patrimônio";"688"
"2019-04-01";"Identificação de veículos";"650"
"2019-04-01";"Tanatologia Forense";"544"
"2019-04-01";"Vestígios Biológicos";"544"
"2019-04-01";"Balística";"533"
"2019-04-01";"Informática Forense";"530"
"2019-04-01";"Local de crime contra a vida";"456"
"2019-04-01";"Toxicologia Forense";"269"
"2019-04-01";"Sexologia Forense";"188"
"2019-04-01";"Perícias papiloscópicas";"179"
"2019-04-01";"Documentoscopia";"136"
"2019-04-01";"Engenharia Forense";"113"
"2019-04-01";"Perícias ambientais";"83"
"2019-04-01";"Bioquímica Forense";"60"
"2019-04-01";"Anatomopatologia Forense";"19"
"2019-04-01";"Merceologia";"13"
"2019-04-01";"Áudio e Imagem";"13"
"2019-04-01";"Antropologia Forense";"2"
"2019-04-01";"Contabilidade Forense";"1"
"2019-04-01";"Odontologia Forense";"1"
"2019-05-01";"Química Forense";"3235"
"2019-05-01";"Traumatologia Forense";"2463"
"2019-05-01";"Informática Forense";"860"
"2019-05-01";"Identificação de veículos";"712"
"2019-05-01";"Local de crime contra o patrimônio";"683"
"2019-05-01";"Balística";"680"
"2019-05-01";"Toxicologia Forense";"599"
"2019-05-01";"Vestígios Biológicos";"500"
"2019-05-01";"Tanatologia Forense";"464"
"2019-05-01";"Local de crime contra a vida";"394"
"2019-05-01";"Documentoscopia";"234"
"2019-05-01";"Perícias papiloscópicas";"179"
"2019-05-01";"Sexologia Forense";"167"
"2019-05-01";"Engenharia Forense";"145"
"2019-05-01";"Perícias ambientais";"115"
"2019-05-01";"Bioquímica Forense";"57"
"2019-05-01";"Áudio e Imagem";"25"
"2019-05-01";"Merceologia";"22"
"2019-05-01";"Anatomopatologia Forense";"9"
"2019-05-01";"Antropologia Forense";"8"
"2019-05-01";"Contabilidade Forense";"1"
"2019-06-01";"Traumatologia Forense";"2524"
"2019-06-01";"Química Forense";"2262"
"2019-06-01";"Informática Forense";"669"
"2019-06-01";"Local de crime contra o patrimônio";"648"
"2019-06-01";"Identificação de veículos";"567"
"2019-06-01";"Balística";"527"
"2019-06-01";"Tanatologia Forense";"516"
"2019-06-01";"Local de crime contra a vida";"430"
"2019-06-01";"Toxicologia Forense";"205"
"2019-06-01";"Sexologia Forense";"193"
"2019-06-01";"Documentoscopia";"180"
"2019-06-01";"Engenharia Forense";"135"
"2019-06-01";"Vestígios Biológicos";"132"
"2019-06-01";"Perícias papiloscópicas";"121"
"2019-06-01";"Perícias ambientais";"79"
"2019-06-01";"Bioquímica Forense";"37"
"2019-06-01";"Áudio e Imagem";"13"
"2019-06-01";"Merceologia";"9"
"2019-06-01";"Antropologia Forense";"2"
"2019-06-01";"Anatomopatologia Forense";"1"
"2019-06-01";"Contabilidade Forense";"1"
"2019-07-01";"Traumatologia Forense";"3519"
"2019-07-01";"Química Forense";"2674"
"2019-07-01";"Local de crime contra o patrimônio";"732"
"2019-07-01";"Balística";"629"
"2019-07-01";"Toxicologia Forense";"599"
"2019-07-01";"Identificação de veículos";"579"
"2019-07-01";"Tanatologia Forense";"556"
"2019-07-01";"Informática Forense";"532"
"2019-07-01";"Local de crime contra a vida";"429"
"2019-07-01";"Bioquímica Forense";"391"
"2019-07-01";"Vestígios Biológicos";"305"
"2019-07-01";"Sexologia Forense";"302"
"2019-07-01";"Documentoscopia";"160"
"2019-07-01";"Engenharia Forense";"157"
"2019-07-01";"Perícias papiloscópicas";"156"
"2019-07-01";"Perícias ambientais";"123"
"2019-07-01";"Áudio e Imagem";"35"
"2019-07-01";"Anatomopatologia Forense";"21"
"2019-07-01";"Merceologia";"21"
"2019-07-01";"Antropologia Forense";"6"
"2019-08-01";"Traumatologia Forense";"3773"
"2019-08-01";"Química Forense";"2432"
"2019-08-01";"Local de crime contra o patrimônio";"790"
"2019-08-01";"Balística";"666"
"2019-08-01";"Identificação de veículos";"641"
"2019-08-01";"Toxicologia Forense";"616"
"2019-08-01";"Tanatologia Forense";"525"
"2019-08-01";"Local de crime contra a vida";"491"
"2019-08-01";"Informática Forense";"473"
"2019-08-01";"Sexologia Forense";"340"
"2019-08-01";"Bioquímica Forense";"309"
"2019-08-01";"Vestígios Biológicos";"256"
"2019-08-01";"Documentoscopia";"195"
"2019-08-01";"Perícias ambientais";"167"
"2019-08-01";"Perícias papiloscópicas";"135"
"2019-08-01";"Engenharia Forense";"129"
"2019-08-01";"Merceologia";"29"
"2019-08-01";"Áudio e Imagem";"11"
"2019-08-01";"Antropologia Forense";"3"
"2019-08-01";"Contabilidade Forense";"1"
"2019-09-01";"Traumatologia Forense";"4057"
"2019-09-01";"Química Forense";"2306"
"2019-09-01";"Informática Forense";"737"
"2019-09-01";"Local de crime contra o patrimônio";"736"
"2019-09-01";"Toxicologia Forense";"671"
"2019-09-01";"Identificação de veículos";"604"
"2019-09-01";"Tanatologia Forense";"579"
"2019-09-01";"Balística";"578"
"2019-09-01";"Bioquímica Forense";"510"
"2019-09-01";"Local de crime contra a vida";"423"
"2019-09-01";"Vestígios Biológicos";"372"
"2019-09-01";"Sexologia Forense";"289"
"2019-09-01";"Documentoscopia";"212"
"2019-09-01";"Engenharia Forense";"145"
"2019-09-01";"Perícias papiloscópicas";"136"
"2019-09-01";"Perícias ambientais";"86"
"2019-09-01";"Merceologia";"13"
"2019-09-01";"Áudio e Imagem";"13"
"2019-10-01";"Traumatologia Forense";"4333"
"2019-10-01";"Química Forense";"2302"
"2019-10-01";"Bioquímica Forense";"1034"
"2019-10-01";"Local de crime contra o patrimônio";"789"
"2019-10-01";"Informática Forense";"712"
"2019-10-01";"Balística";"684"
"2019-10-01";"Tanatologia Forense";"556"
"2019-10-01";"Identificação de veículos";"554"
"2019-10-01";"Local de crime contra a vida";"474"
"2019-10-01";"Sexologia Forense";"362"
"2019-10-01";"Toxicologia Forense";"319"
"2019-10-01";"Vestígios Biológicos";"275"
"2019-10-01";"Engenharia Forense";"194"
"2019-10-01";"Documentoscopia";"177"
"2019-10-01";"Perícias papiloscópicas";"168"
"2019-10-01";"Perícias ambientais";"87"
"2019-10-01";"Merceologia";"14"
"2019-10-01";"Áudio e Imagem";"14"
"2019-10-01";"Antropologia Forense";"11"
"2019-11-01";"Traumatologia Forense";"4058"
"2019-11-01";"Química Forense";"1998"
"2019-11-01";"Bioquímica Forense";"923"
"2019-11-01";"Local de crime contra o patrimônio";"725"
"2019-11-01";"Tanatologia Forense";"650"
"2019-11-01";"Informática Forense";"512"
"2019-11-01";"Identificação de veículos";"498"
"2019-11-01";"Local de crime contra a vida";"490"
"2019-11-01";"Balística";"425"
"2019-11-01";"Sexologia Forense";"327"
"2019-11-01";"Toxicologia Forense";"270"
"2019-11-01";"Vestígios Biológicos";"247"
"2019-11-01";"Documentoscopia";"164"
"2019-11-01";"Perícias papiloscópicas";"134"
"2019-11-01";"Perícias ambientais";"92"
"2019-11-01";"Engenharia Forense";"88"
"2019-11-01";"Merceologia";"33"
"2019-11-01";"Áudio e Imagem";"18"
"2019-12-01";"Traumatologia Forense";"3785"
"2019-12-01";"Química Forense";"1718"
"2019-12-01";"Tanatologia Forense";"706"
"2019-12-01";"Local de crime contra o patrimônio";"602"
"2019-12-01";"Local de crime contra a vida";"454"
"2019-12-01";"Informática Forense";"420"
"2019-12-01";"Identificação de veículos";"354"
"2019-12-01";"Balística";"335"
"2019-12-01";"Sexologia Forense";"273"
"2019-12-01";"Vestígios Biológicos";"208"
"2019-12-01";"Documentoscopia";"155"
"2019-12-01";"Perícias papiloscópicas";"136"
"2019-12-01";"Engenharia Forense";"103"
"2019-12-01";"Perícias ambientais";"73"
"2019-12-01";"Bioquímica Forense";"30"
"2019-12-01";"Merceologia";"24"
"2019-12-01";"Toxicologia Forense";"15"
"2019-12-01";"Antropologia Forense";"6"
"2019-12-01";"Áudio e Imagem";"2"
"2020-01-01";"Traumatologia Forense";"4572"
"2020-01-01";"Química Forense";"2397"
"2020-01-01";"Local de crime contra o patrimônio";"861"
"2020-01-01";"Informática Forense";"751"
"2020-01-01";"Identificação de veículos";"659"
"2020-01-01";"Tanatologia Forense";"618"
"2020-01-01";"Local de crime contra a vida";"585"
"2020-01-01";"Balística";"581"
"2020-01-01";"Sexologia Forense";"358"
"2020-01-01";"Toxicologia Forense";"268"
"2020-01-01";"Vestígios Biológicos";"233"
"2020-01-01";"Perícias papiloscópicas";"216"
"2020-01-01";"Documentoscopia";"202"
"2020-01-01";"Engenharia Forense";"147"
"2020-01-01";"Bioquímica Forense";"144"
"2020-01-01";"Perícias ambientais";"140"
"2020-01-01";"Antropologia Forense";"14"
"2020-01-01";"Áudio e Imagem";"12"
"2020-01-01";"Merceologia";"10"
"2020-01-01";"Anatomopatologia Forense";"1"
"2020-01-01";"Contabilidade Forense";"1"
"2020-02-01";"Traumatologia Forense";"3941"
"2020-02-01";"Química Forense";"2518"
"2020-02-01";"Local de crime contra o patrimônio";"800"
"2020-02-01";"Informática Forense";"782"
"2020-02-01";"Tanatologia Forense";"667"
"2020-02-01";"Identificação de veículos";"622"
"2020-02-01";"Bioquímica Forense";"558"
"2020-02-01";"Balística";"540"
"2020-02-01";"Local de crime contra a vida";"502"
"2020-02-01";"Vestígios Biológicos";"278"
"2020-02-01";"Sexologia Forense";"273"
"2020-02-01";"Toxicologia Forense";"242"
"2020-02-01";"Perícias ambientais";"230"
"2020-02-01";"Documentoscopia";"192"
"2020-02-01";"Perícias papiloscópicas";"165"
"2020-02-01";"Engenharia Forense";"120"
"2020-02-01";"Merceologia";"21"
"2020-02-01";"Áudio e Imagem";"15"
"2020-02-01";"Odontologia Forense";"11"
"2020-02-01";"Antropologia Forense";"2"
"2020-02-01";"Anatomopatologia Forense";"1"
"2020-03-01";"Traumatologia Forense";"3128"
"2020-03-01";"Química Forense";"1966"
"2020-03-01";"Informática Forense";"671"
"2020-03-01";"Tanatologia Forense";"643"
"2020-03-01";"Local de crime contra o patrimônio";"622"
"2020-03-01";"Identificação de veículos";"503"
"2020-03-01";"Local de crime contra a vida";"496"
"2020-03-01";"Balística";"474"
"2020-03-01";"Sexologia Forense";"216"
"2020-03-01";"Toxicologia Forense";"167"
"2020-03-01";"Perícias papiloscópicas";"161"
"2020-03-01";"Documentoscopia";"152"
"2020-03-01";"Vestígios Biológicos";"144"
"2020-03-01";"Engenharia Forense";"101"
"2020-03-01";"Perícias ambientais";"93"
"2020-03-01";"Bioquímica Forense";"77"
"2020-03-01";"Merceologia";"24"
"2020-03-01";"Áudio e Imagem";"19"
"2020-03-01";"Odontologia Forense";"17"
"2020-03-01";"Antropologia Forense";"5"
"2020-04-01";"Química Forense";"2191"
"2020-04-01";"Traumatologia Forense";"1933"
"2020-04-01";"Balística";"607"
"2020-04-01";"Informática Forense";"577"
"2020-04-01";"Local de crime contra o patrimônio";"576"
"2020-04-01";"Tanatologia Forense";"575"
"2020-04-01";"Local de crime contra a vida";"478"
"2020-04-01";"Identificação de veículos";"419"
"2020-04-01";"Toxicologia Forense";"330"
"2020-04-01";"Vestígios Biológicos";"277"
"2020-04-01";"Documentoscopia";"200"
"2020-04-01";"Sexologia Forense";"167"
"2020-04-01";"Perícias ambientais";"165"
"2020-04-01";"Perícias papiloscópicas";"161"
"2020-04-01";"Engenharia Forense";"89"
"2020-04-01";"Áudio e Imagem";"24"
"2020-04-01";"Bioquímica Forense";"22"
"2020-04-01";"Merceologia";"9"
"2020-04-01";"Antropologia Forense";"7"
"2020-04-01";"Odontologia Forense";"3"
"2020-05-01";"Química Forense";"3110"
"2020-05-01";"Traumatologia Forense";"2403"
"2020-05-01";"Informática Forense";"875"
"2020-05-01";"Local de crime contra o patrimônio";"769"
"2020-05-01";"Identificação de veículos";"703"
"2020-05-01";"Balística";"648"
"2020-05-01";"Tanatologia Forense";"599"
"2020-05-01";"Local de crime contra a vida";"465"
"2020-05-01";"Toxicologia Forense";"348"
"2020-05-01";"Documentoscopia";"243"
"2020-05-01";"Sexologia Forense";"224"
"2020-05-01";"Perícias ambientais";"161"
"2020-05-01";"Perícias papiloscópicas";"136"
"2020-05-01";"Vestígios Biológicos";"134"
"2020-05-01";"Engenharia Forense";"130"
"2020-05-01";"Bioquímica Forense";"102"
"2020-05-01";"Merceologia";"40"
"2020-05-01";"Áudio e Imagem";"24"
"2020-05-01";"Odontologia Forense";"7"
"2020-05-01";"Antropologia Forense";"3"
"2020-06-01";"Traumatologia Forense";"2782"
"2020-06-01";"Química Forense";"2477"
"2020-06-01";"Informática Forense";"880"
"2020-06-01";"Local de crime contra o patrimônio";"650"
"2020-06-01";"Identificação de veículos";"569"
"2020-06-01";"Tanatologia Forense";"543"
"2020-06-01";"Toxicologia Forense";"542"
"2020-06-01";"Balística";"520"
"2020-06-01";"Local de crime contra a vida";"450"
"2020-06-01";"Sexologia Forense";"290"
"2020-06-01";"Perícias ambientais";"176"
"2020-06-01";"Documentoscopia";"169"
"2020-06-01";"Perícias papiloscópicas";"132"
"2020-06-01";"Vestígios Biológicos";"126"
"2020-06-01";"Engenharia Forense";"112"
"2020-06-01";"Merceologia";"48"
"2020-06-01";"Áudio e Imagem";"28"
"2020-06-01";"Bioquímica Forense";"13"
"2020-06-01";"Odontologia Forense";"6"
"2020-06-01";"Antropologia Forense";"3"
"2020-06-01";"Contabilidade Forense";"1"
"2020-07-01";"Traumatologia Forense";"2787"
"2020-07-01";"Química Forense";"1860"
"2020-07-01";"Informática Forense";"962"
"2020-07-01";"Local de crime contra o patrimônio";"673"
"2020-07-01";"Identificação de veículos";"648"
"2020-07-01";"Tanatologia Forense";"614"
"2020-07-01";"Balística";"535"
"2020-07-01";"Local de crime contra a vida";"510"
"2020-07-01";"Sexologia Forense";"272"
"2020-07-01";"Documentoscopia";"230"
"2020-07-01";"Perícias papiloscópicas";"213"
"2020-07-01";"Toxicologia Forense";"207"
"2020-07-01";"Perícias ambientais";"198"
"2020-07-01";"Engenharia Forense";"107"
"2020-07-01";"Vestígios Biológicos";"79"
"2020-07-01";"Anatomopatologia Forense";"33"
"2020-07-01";"Áudio e Imagem";"27"
"2020-07-01";"Bioquímica Forense";"21"
"2020-07-01";"Merceologia";"17"
"2020-07-01";"Odontologia Forense";"9"
"2020-07-01";"Antropologia Forense";"6"
"2020-07-01";"Contabilidade Forense";"1"
"2020-08-01";"Traumatologia Forense";"2885"
"2020-08-01";"Química Forense";"2276"
"2020-08-01";"Informática Forense";"854"
"2020-08-01";"Local de crime contra o patrimônio";"625"
"2020-08-01";"Tanatologia Forense";"607"
"2020-08-01";"Identificação de veículos";"556"
"2020-08-01";"Balística";"495"
"2020-08-01";"Local de crime contra a vida";"457"
"2020-08-01";"Sexologia Forense";"271"
"2020-08-01";"Toxicologia Forense";"230"
"2020-08-01";"Perícias ambientais";"209"
"2020-08-01";"Perícias papiloscópicas";"148"
"2020-08-01";"Documentoscopia";"144"
"2020-08-01";"Engenharia Forense";"133"
"2020-08-01";"Vestígios Biológicos";"69"
"2020-08-01";"Bioquímica Forense";"65"
"2020-08-01";"Merceologia";"34"
"2020-08-01";"Áudio e Imagem";"20"
"2020-08-01";"Anatomopatologia Forense";"12"
"2020-08-01";"Odontologia Forense";"7"
"2020-08-01";"Antropologia Forense";"5"
"2020-08-01";"Contabilidade Forense";"1"
"2020-08-01";"Psiquiatria Forense";"1"
"2020-09-01";"Traumatologia Forense";"3339"
"2020-09-01";"Química Forense";"2253"
"2020-09-01";"Informática Forense";"737"
"2020-09-01";"Local de crime contra o patrimônio";"671"
"2020-09-01";"Tanatologia Forense";"565"
"2020-09-01";"Identificação de veículos";"564"
"2020-09-01";"Balística";"556"
"2020-09-01";"Local de crime contra a vida";"523"
"2020-09-01";"Sexologia Forense";"318"
"2020-09-01";"Toxicologia Forense";"287"
"2020-09-01";"Perícias ambientais";"218"
"2020-09-01";"Vestígios Biológicos";"186"
"2020-09-01";"Documentoscopia";"165"
"2020-09-01";"Perícias papiloscópicas";"160"
"2020-09-01";"Engenharia Forense";"139"
"2020-09-01";"Bioquímica Forense";"95"
"2020-09-01";"Áudio e Imagem";"26"
"2020-09-01";"Merceologia";"16"
"2020-09-01";"Odontologia Forense";"8"
"2020-09-01";"Anatomopatologia Forense";"6"
"2020-09-01";"Antropologia Forense";"2"
"2020-09-01";"Contabilidade Forense";"1"
"2020-09-01";"Psiquiatria Forense";"1"
"2020-10-01";"Traumatologia Forense";"3557"
"2020-10-01";"Química Forense";"2005"
"2020-10-01";"Local de crime contra o patrimônio";"711"
"2020-10-01";"Informática Forense";"708"
"2020-10-01";"Tanatologia Forense";"633"
"2020-10-01";"Local de crime contra a vida";"501"
"2020-10-01";"Balística";"496"
"2020-10-01";"Identificação de veículos";"450"
"2020-10-01";"Sexologia Forense";"302"
"2020-10-01";"Toxicologia Forense";"188"
"2020-10-01";"Perícias ambientais";"176"
"2020-10-01";"Documentoscopia";"145"
"2020-10-01";"Perícias papiloscópicas";"141"
"2020-10-01";"Engenharia Forense";"120"
"2020-10-01";"Vestígios Biológicos";"105"
"2020-10-01";"Anatomopatologia Forense";"56"
"2020-10-01";"Bioquímica Forense";"55"
"2020-10-01";"Áudio e Imagem";"19"
"2020-10-01";"Merceologia";"11"
"2020-10-01";"Antropologia Forense";"6"
"2020-10-01";"Odontologia Forense";"3"
"2020-10-01";"Psiquiatria Forense";"1"
"2020-11-01";"Traumatologia Forense";"3773"
"2020-11-01";"Química Forense";"1982"
"2020-11-01";"Informática Forense";"799"
"2020-11-01";"Local de crime contra o patrimônio";"629"
"2020-11-01";"Tanatologia Forense";"618"
"2020-11-01";"Local de crime contra a vida";"526"
"2020-11-01";"Identificação de veículos";"477"
"2020-11-01";"Balística";"441"
"2020-11-01";"Toxicologia Forense";"368"
"2020-11-01";"Sexologia Forense";"334"
"2020-11-01";"Documentoscopia";"183"
"2020-11-01";"Perícias papiloscópicas";"162"
"2020-11-01";"Perícias ambientais";"120"
"2020-11-01";"Engenharia Forense";"109"
"2020-11-01";"Bioquímica Forense";"104"
"2020-11-01";"Vestígios Biológicos";"76"
"2020-11-01";"Áudio e Imagem";"24"
"2020-11-01";"Merceologia";"18"
"2020-11-01";"Anatomopatologia Forense";"6"
"2020-11-01";"Antropologia Forense";"3"
"2020-11-01";"Odontologia Forense";"3"
"2020-11-01";"Psiquiatria Forense";"2"
"2020-12-01";"Traumatologia Forense";"3330"
"2020-12-01";"Química Forense";"1921"
"2020-12-01";"Tanatologia Forense";"717"
"2020-12-01";"Informática Forense";"637"
"2020-12-01";"Local de crime contra o patrimônio";"566"
"2020-12-01";"Local de crime contra a vida";"557"
"2020-12-01";"Identificação de veículos";"456"
"2020-12-01";"Balística";"422"
"2020-12-01";"Sexologia Forense";"274"
"2020-12-01";"Bioquímica Forense";"229"
"2020-12-01";"Toxicologia Forense";"225"
"2020-12-01";"Perícias ambientais";"168"
"2020-12-01";"Perícias papiloscópicas";"166"
"2020-12-01";"Vestígios Biológicos";"109"
"2020-12-01";"Engenharia Forense";"97"
"2020-12-01";"Documentoscopia";"82"
"2020-12-01";"Áudio e Imagem";"22"
"2020-12-01";"Merceologia";"16"
"2020-12-01";"Antropologia Forense";"5"
"2020-12-01";"Odontologia Forense";"3"
"2020-12-01";"Anatomopatologia Forense";"1"
"2021-01-01";"Traumatologia Forense";"3529"
"2021-01-01";"Química Forense";"1907"
"2021-01-01";"Toxicologia Forense";"778"
"2021-01-01";"Local de crime contra o patrimônio";"775"
"2021-01-01";"Tanatologia Forense";"678"
"2021-01-01";"Informática Forense";"650"
"2021-01-01";"Local de crime contra a vida";"598"
"2021-01-01";"Balística";"546"
"2021-01-01";"Identificação de veículos";"469"
"2021-01-01";"Sexologia Forense";"289"
"2021-01-01";"Perícias papiloscópicas";"190"
"2021-01-01";"Bioquímica Forense";"148"
"2021-01-01";"Perícias ambientais";"119"
"2021-01-01";"Vestígios Biológicos";"89"
"2021-01-01";"Documentoscopia";"76"
"2021-01-01";"Engenharia Forense";"71"
"2021-01-01";"Áudio e Imagem";"18"
"2021-01-01";"Anatomopatologia Forense";"11"
"2021-01-01";"Merceologia";"9"
"2021-01-01";"Odontologia Forense";"4"
"2021-01-01";"Contabilidade Forense";"1"
"2021-01-01";"Psiquiatria Forense";"1"
"2021-02-01";"Traumatologia Forense";"3659"
"2021-02-01";"Química Forense";"2526"
"2021-02-01";"Informática Forense";"843"
"2021-02-01";"Toxicologia Forense";"706"
"2021-02-01";"Bioquímica Forense";"689"
"2021-02-01";"Identificação de veículos";"648"
"2021-02-01";"Tanatologia Forense";"635"
"2021-02-01";"Local de crime contra o patrimônio";"567"
"2021-02-01";"Local de crime contra a vida";"530"
"2021-02-01";"Balística";"523"
"2021-02-01";"Sexologia Forense";"313"
"2021-02-01";"Perícias papiloscópicas";"243"
"2021-02-01";"Perícias ambientais";"200"
"2021-02-01";"Documentoscopia";"169"
"2021-02-01";"Engenharia Forense";"113"
"2021-02-01";"Áudio e Imagem";"23"
"2021-02-01";"Vestígios Biológicos";"20"
"2021-02-01";"Odontologia Forense";"11"
"2021-02-01";"Merceologia";"7"
"2021-02-01";"Anatomopatologia Forense";"5"
"2021-02-01";"Antropologia Forense";"1"
"2021-03-01";"Traumatologia Forense";"3811"
"2021-03-01";"Química Forense";"2815"
"2021-03-01";"Bioquímica Forense";"2650"
"2021-03-01";"Informática Forense";"834"
"2021-03-01";"Local de crime contra o patrimônio";"797"
"2021-03-01";"Tanatologia Forense";"617"
"2021-03-01";"Balística";"607"
"2021-03-01";"Identificação de veículos";"570"
"2021-03-01";"Local de crime contra a vida";"525"
"2021-03-01";"Toxicologia Forense";"419"
"2021-03-01";"Sexologia Forense";"311"
"2021-03-01";"Perícias papiloscópicas";"225"
"2021-03-01";"Documentoscopia";"185"
"2021-03-01";"Perícias ambientais";"184"
"2021-03-01";"Engenharia Forense";"114"
"2021-03-01";"Vestígios Biológicos";"72"
"2021-03-01";"Áudio e Imagem";"42"
"2021-03-01";"Merceologia";"10"
"2021-03-01";"Antropologia Forense";"7"
"2021-03-01";"Odontologia Forense";"6"
"2021-03-01";"Anatomopatologia Forense";"4"
"2021-04-01";"Traumatologia Forense";"3450"
"2021-04-01";"Química Forense";"2725"
"2021-04-01";"Bioquímica Forense";"986"
"2021-04-01";"Local de crime contra o patrimônio";"701"
"2021-04-01";"Informática Forense";"682"
"2021-04-01";"Tanatologia Forense";"604"
"2021-04-01";"Balística";"546"
"2021-04-01";"Local de crime contra a vida";"541"
"2021-04-01";"Identificação de veículos";"539"
"2021-04-01";"Toxicologia Forense";"338"
"2021-04-01";"Sexologia Forense";"303"
"2021-04-01";"Perícias papiloscópicas";"211"
"2021-04-01";"Perícias ambientais";"206"
"2021-04-01";"Vestígios Biológicos";"153"
"2021-04-01";"Documentoscopia";"148"
"2021-04-01";"Engenharia Forense";"98"
"2021-04-01";"Áudio e Imagem";"22"
"2021-04-01";"Merceologia";"15"
"2021-04-01";"Odontologia Forense";"12"
"2021-04-01";"Antropologia Forense";"4"
"2021-04-01";"Anatomopatologia Forense";"2"
"2021-04-01";"Psiquiatria Forense";"2"
"2021-04-01";"Contabilidade Forense";"1"
"2021-05-01";"Traumatologia Forense";"3336"
"2021-05-01";"Química Forense";"2350"
"2021-05-01";"Informática Forense";"926"
"2021-05-01";"Local de crime contra o patrimônio";"768"
"2021-05-01";"Bioquímica Forense";"657"
"2021-05-01";"Identificação de veículos";"643"
"2021-05-01";"Balística";"553"
"2021-05-01";"Tanatologia Forense";"535"
"2021-05-01";"Local de crime contra a vida";"466"
"2021-05-01";"Sexologia Forense";"300"
"2021-05-01";"Toxicologia Forense";"265"
"2021-05-01";"Perícias papiloscópicas";"215"
"2021-05-01";"Vestígios Biológicos";"208"
"2021-05-01";"Perícias ambientais";"186"
"2021-05-01";"Engenharia Forense";"150"
"2021-05-01";"Documentoscopia";"125"
"2021-05-01";"Áudio e Imagem";"37"
"2021-05-01";"Anatomopatologia Forense";"13"
"2021-05-01";"Merceologia";"13"
"2021-05-01";"Odontologia Forense";"5"
"2021-05-01";"Antropologia Forense";"4"
"2021-05-01";"Contabilidade Forense";"1"
"2021-06-01";"Traumatologia Forense";"3145"
"2021-06-01";"Química Forense";"2351"
"2021-06-01";"Informática Forense";"922"
"2021-06-01";"Local de crime contra o patrimônio";"691"
"2021-06-01";"Balística";"650"
"2021-06-01";"Identificação de veículos";"640"
"2021-06-01";"Tanatologia Forense";"558"
"2021-06-01";"Local de crime contra a vida";"410"
"2021-06-01";"Sexologia Forense";"282"
"2021-06-01";"Perícias papiloscópicas";"281"
"2021-06-01";"Toxicologia Forense";"281"
"2021-06-01";"Perícias ambientais";"261"
"2021-06-01";"Documentoscopia";"141"
"2021-06-01";"Engenharia Forense";"128"
"2021-06-01";"Vestígios Biológicos";"119"
"2021-06-01";"Bioquímica Forense";"108"
"2021-06-01";"Áudio e Imagem";"52"
"2021-06-01";"Anatomopatologia Forense";"20"
"2021-06-01";"Merceologia";"17"
"2021-06-01";"Odontologia Forense";"7"
"2021-06-01";"Antropologia Forense";"3"
"2021-07-01";"Traumatologia Forense";"3823"
"2021-07-01";"Química Forense";"2343"
"2021-07-01";"Informática Forense";"1003"
"2021-07-01";"Balística";"956"
"2021-07-01";"Local de crime contra o patrimônio";"761"
"2021-07-01";"Identificação de veículos";"596"
"2021-07-01";"Tanatologia Forense";"586"
"2021-07-01";"Local de crime contra a vida";"458"
"2021-07-01";"Sexologia Forense";"305"
"2021-07-01";"Toxicologia Forense";"282"
"2021-07-01";"Perícias papiloscópicas";"260"
"2021-07-01";"Perícias ambientais";"214"
"2021-07-01";"Documentoscopia";"142"
"2021-07-01";"Engenharia Forense";"128"
"2021-07-01";"Vestígios Biológicos";"118"
"2021-07-01";"Bioquímica Forense";"53"
"2021-07-01";"Merceologia";"28"
"2021-07-01";"Áudio e Imagem";"28"
"2021-07-01";"Anatomopatologia Forense";"17"
"2021-07-01";"Odontologia Forense";"5"
"2021-07-01";"Antropologia Forense";"2"
"2021-08-01";"Traumatologia Forense";"4514"
"2021-08-01";"Química Forense";"1986"
"2021-08-01";"Informática Forense";"1123"
"2021-08-01";"Balística";"836"
"2021-08-01";"Local de crime contra o patrimônio";"670"
"2021-08-01";"Identificação de veículos";"648"
"2021-08-01";"Tanatologia Forense";"519"
"2021-08-01";"Local de crime contra a vida";"447"
"2021-08-01";"Sexologia Forense";"349"
"2021-08-01";"Toxicologia Forense";"270"
"2021-08-01";"Perícias papiloscópicas";"255"
"2021-08-01";"Documentoscopia";"173"
"2021-08-01";"Perícias ambientais";"173"
"2021-08-01";"Engenharia Forense";"124"
"2021-08-01";"Vestígios Biológicos";"65"
"2021-08-01";"Bioquímica Forense";"62"
"2021-08-01";"Áudio e Imagem";"47"
"2021-08-01";"Anatomopatologia Forense";"27"
"2021-08-01";"Merceologia";"9"
"2021-08-01";"Odontologia Forense";"9"
"2021-08-01";"Contabilidade Forense";"1"
"2021-08-01";"Psiquiatria Forense";"1"
"2021-09-01";"Traumatologia Forense";"4709"
"2021-09-01";"Química Forense";"1849"
"2021-09-01";"Informática Forense";"1030"
"2021-09-01";"Local de crime contra o patrimônio";"707"
"2021-09-01";"Tanatologia Forense";"587"
"2021-09-01";"Balística";"516"
"2021-09-01";"Local de crime contra a vida";"514"
"2021-09-01";"Identificação de veículos";"501"
"2021-09-01";"Perícias papiloscópicas";"317"
"2021-09-01";"Toxicologia Forense";"311"
"2021-09-01";"Sexologia Forense";"310"
"2021-09-01";"Documentoscopia";"198"
"2021-09-01";"Vestígios Biológicos";"183"
"2021-09-01";"Perícias ambientais";"142"
"2021-09-01";"Engenharia Forense";"104"
"2021-09-01";"Bioquímica Forense";"89"
"2021-09-01";"Anatomopatologia Forense";"30"
"2021-09-01";"Áudio e Imagem";"28"
"2021-09-01";"Merceologia";"20"
"2021-09-01";"Antropologia Forense";"14"
"2021-09-01";"Odontologia Forense";"12"
"2021-10-01";"Traumatologia Forense";"4030"
"2021-10-01";"Química Forense";"1792"
"2021-10-01";"Informática Forense";"931"
"2021-10-01";"Identificação de veículos";"664"
"2021-10-01";"Local de crime contra o patrimônio";"626"
"2021-10-01";"Tanatologia Forense";"583"
"2021-10-01";"Local de crime contra a vida";"560"
"2021-10-01";"Balística";"519"
"2021-10-01";"Sexologia Forense";"319"
"2021-10-01";"Perícias papiloscópicas";"297"
"2021-10-01";"Toxicologia Forense";"271"
"2021-10-01";"Perícias ambientais";"149"
"2021-10-01";"Bioquímica Forense";"133"
"2021-10-01";"Vestígios Biológicos";"118"
"2021-10-01";"Engenharia Forense";"99"
"2021-10-01";"Documentoscopia";"95"
"2021-10-01";"Áudio e Imagem";"20"
"2021-10-01";"Merceologia";"16"
"2021-10-01";"Odontologia Forense";"5"
"2021-10-01";"Anatomopatologia Forense";"2"
"2021-10-01";"Psiquiatria Forense";"2"
"2021-11-01";"Traumatologia Forense";"4240"
"2021-11-01";"Química Forense";"1819"
"2021-11-01";"Informática Forense";"859"
"2021-11-01";"Local de crime contra o patrimônio";"664"
"2021-11-01";"Bioquímica Forense";"522"
"2021-11-01";"Tanatologia Forense";"522"
"2021-11-01";"Identificação de veículos";"510"
"2021-11-01";"Local de crime contra a vida";"495"
"2021-11-01";"Balística";"468"
"2021-11-01";"Sexologia Forense";"315"
"2021-11-01";"Perícias papiloscópicas";"261"
"2021-11-01";"Toxicologia Forense";"258"
"2021-11-01";"Vestígios Biológicos";"210"
"2021-11-01";"Perícias ambientais";"177"
"2021-11-01";"Documentoscopia";"117"
"2021-11-01";"Engenharia Forense";"89"
"2021-11-01";"Áudio e Imagem";"49"
"2021-11-01";"Odontologia Forense";"20"
"2021-11-01";"Merceologia";"4"
"2021-11-01";"Antropologia Forense";"2"
"2021-11-01";"Contabilidade Forense";"2"
"2021-11-01";"Anatomopatologia Forense";"1"
"2021-12-01";"Traumatologia Forense";"4448"
"2021-12-01";"Química Forense";"1806"
"2021-12-01";"Informática Forense";"849"
"2021-12-01";"Local de crime contra o patrimônio";"764"
"2021-12-01";"Tanatologia Forense";"597"
"2021-12-01";"Local de crime contra a vida";"551"
"2021-12-01";"Identificação de veículos";"533"
"2021-12-01";"Balística";"504"
"2021-12-01";"Sexologia Forense";"330"
"2021-12-01";"Toxicologia Forense";"288"
"2021-12-01";"Perícias papiloscópicas";"276"
"2021-12-01";"Engenharia Forense";"150"
"2021-12-01";"Perícias ambientais";"150"
"2021-12-01";"Vestígios Biológicos";"130"
"2021-12-01";"Documentoscopia";"78"
"2021-12-01";"Bioquímica Forense";"48"
"2021-12-01";"Áudio e Imagem";"29"
"2021-12-01";"Odontologia Forense";"13"
"2021-12-01";"Anatomopatologia Forense";"12"
"2021-12-01";"Merceologia";"9"
"2021-12-01";"Entomologia Forense";"4"
"2021-12-01";"Antropologia Forense";"3"
"2021-12-01";"Contabilidade Forense";"1"
"2021-12-01";"Psiquiatria Forense";"1"
"2022-01-01";"Traumatologia Forense";"5028"
"2022-01-01";"Química Forense";"2049"
"2022-01-01";"Bioquímica Forense";"886"
"2022-01-01";"Informática Forense";"879"
"2022-01-01";"Tanatologia Forense";"709"
"2022-01-01";"Local de crime contra o patrimônio";"706"
"2022-01-01";"Local de crime contra a vida";"612"
"2022-01-01";"Identificação de veículos";"522"
"2022-01-01";"Balística";"398"
"2022-01-01";"Toxicologia Forense";"395"
"2022-01-01";"Sexologia Forense";"265"
"2022-01-01";"Perícias papiloscópicas";"261"
"2022-01-01";"Perícias ambientais";"118"
"2022-01-01";"Engenharia Forense";"105"
"2022-01-01";"Documentoscopia";"60"
"2022-01-01";"Áudio e Imagem";"30"
"2022-01-01";"Vestígios Biológicos";"21"
"2022-01-01";"Odontologia Forense";"20"
"2022-01-01";"Anatomopatologia Forense";"11"
"2022-01-01";"Merceologia";"10"
"2022-01-01";"Antropologia Forense";"5"
"2022-02-01";"Traumatologia Forense";"5573"
"2022-02-01";"Química Forense";"2271"
"2022-02-01";"Informática Forense";"1031"
"2022-02-01";"Local de crime contra o patrimônio";"684"
"2022-02-01";"Tanatologia Forense";"560"
"2022-02-01";"Local de crime contra a vida";"505"
"2022-02-01";"Identificação de veículos";"504"
"2022-02-01";"Balística";"455"
"2022-02-01";"Bioquímica Forense";"438"
"2022-02-01";"Perícias papiloscópicas";"293"
"2022-02-01";"Toxicologia Forense";"284"
"2022-02-01";"Sexologia Forense";"270"
"2022-02-01";"Vestígios Biológicos";"160"
"2022-02-01";"Engenharia Forense";"155"
"2022-02-01";"Perícias ambientais";"150"
"2022-02-01";"Documentoscopia";"101"
"2022-02-01";"Áudio e Imagem";"10"
"2022-02-01";"Entomologia Forense";"8"
"2022-02-01";"Merceologia";"7"
"2022-02-01";"Odontologia Forense";"7"
"2022-02-01";"Anatomopatologia Forense";"4"
"2022-02-01";"Antropologia Forense";"1"
"2022-03-01";"Traumatologia Forense";"6273"
"2022-03-01";"Química Forense";"2297"
"2022-03-01";"Informática Forense";"1138"
"2022-03-01";"Local de crime contra o patrimônio";"764"
"2022-03-01";"Tanatologia Forense";"658"
"2022-03-01";"Identificação de veículos";"647"
"2022-03-01";"Local de crime contra a vida";"534"
"2022-03-01";"Balística";"529"
"2022-03-01";"Sexologia Forense";"336"
"2022-03-01";"Toxicologia Forense";"332"
"2022-03-01";"Perícias papiloscópicas";"288"
"2022-03-01";"Bioquímica Forense";"251"
"2022-03-01";"Engenharia Forense";"157"
"2022-03-01";"Documentoscopia";"102"
"2022-03-01";"Vestígios Biológicos";"100"
"2022-03-01";"Perícias ambientais";"91"
"2022-03-01";"Áudio e Imagem";"24"
"2022-03-01";"Anatomopatologia Forense";"15"
"2022-03-01";"Entomologia Forense";"11"
"2022-03-01";"Odontologia Forense";"8"
"2022-03-01";"Merceologia";"7"
"2022-03-01";"Antropologia Forense";"2"
"2022-03-01";"Contabilidade Forense";"1"
"2022-04-01";"Traumatologia Forense";"5470"
"2022-04-01";"Química Forense";"2257"
"2022-04-01";"Informática Forense";"884"
"2022-04-01";"Local de crime contra o patrimônio";"750"
"2022-04-01";"Tanatologia Forense";"635"
"2022-04-01";"Identificação de veículos";"554"
"2022-04-01";"Local de crime contra a vida";"527"
"2022-04-01";"Bioquímica Forense";"515"
"2022-04-01";"Balística";"399"
"2022-04-01";"Perícias papiloscópicas";"305"
"2022-04-01";"Toxicologia Forense";"301"
"2022-04-01";"Sexologia Forense";"265"
"2022-04-01";"Engenharia Forense";"135"
"2022-04-01";"Documentoscopia";"109"
"2022-04-01";"Perícias ambientais";"103"
"2022-04-01";"Vestígios Biológicos";"87"
"2022-04-01";"Áudio e Imagem";"23"
"2022-04-01";"Merceologia";"8"
"2022-04-01";"Odontologia Forense";"7"
"2022-04-01";"Antropologia Forense";"4"
"2022-04-01";"Anatomopatologia Forense";"3"
"2022-04-01";"Entomologia Forense";"3"
"2022-04-01";"Psiquiatria Forense";"1"
"2022-05-01";"Traumatologia Forense";"5737"
"2022-05-01";"Química Forense";"2663"
"2022-05-01";"Informática Forense";"1059"
"2022-05-01";"Local de crime contra o patrimônio";"960"
"2022-05-01";"Identificação de veículos";"653"
"2022-05-01";"Tanatologia Forense";"643"
"2022-05-01";"Local de crime contra a vida";"521"
"2022-05-01";"Balística";"504"
"2022-05-01";"Sexologia Forense";"341"
"2022-05-01";"Perícias papiloscópicas";"304"
"2022-05-01";"Bioquímica Forense";"285"
"2022-05-01";"Toxicologia Forense";"282"
"2022-05-01";"Engenharia Forense";"197"
"2022-05-01";"Vestígios Biológicos";"168"
"2022-05-01";"Documentoscopia";"104"
"2022-05-01";"Perícias ambientais";"80"
"2022-05-01";"Anatomopatologia Forense";"31"
"2022-05-01";"Áudio e Imagem";"31"
"2022-05-01";"Merceologia";"20"
"2022-05-01";"Odontologia Forense";"4"
"2022-05-01";"Entomologia Forense";"2"
"2022-05-01";"Psiquiatria Forense";"2"
"2022-06-01";"Traumatologia Forense";"5093"
"2022-06-01";"Química Forense";"2289"
"2022-06-01";"Informática Forense";"852"
"2022-06-01";"Local de crime contra o patrimônio";"683"
"2022-06-01";"Identificação de veículos";"545"
"2022-06-01";"Tanatologia Forense";"524"
"2022-06-01";"Bioquímica Forense";"496"
"2022-06-01";"Balística";"478"
"2022-06-01";"Local de crime contra a vida";"453"
"2022-06-01";"Sexologia Forense";"297"
"2022-06-01";"Toxicologia Forense";"272"
"2022-06-01";"Perícias papiloscópicas";"253"
"2022-06-01";"Perícias ambientais";"151"
"2022-06-01";"Vestígios Biológicos";"137"
"2022-06-01";"Engenharia Forense";"132"
"2022-06-01";"Documentoscopia";"106"
"2022-06-01";"Áudio e Imagem";"34"
"2022-06-01";"Anatomopatologia Forense";"16"
"2022-06-01";"Merceologia";"8"
"2022-06-01";"Antropologia Forense";"4"
"2022-06-01";"Odontologia Forense";"4"
"2022-06-01";"Entomologia Forense";"2"
"2022-06-01";"Psiquiatria Forense";"1"
"2022-07-01";"Traumatologia Forense";"5705"
"2022-07-01";"Química Forense";"2261"
"2022-07-01";"Informática Forense";"779"
"2022-07-01";"Local de crime contra o patrimônio";"773"
"2022-07-01";"Bioquímica Forense";"745"
"2022-07-01";"Tanatologia Forense";"653"
"2022-07-01";"Balística";"587"
"2022-07-01";"Identificação de veículos";"585"
"2022-07-01";"Local de crime contra a vida";"542"
"2022-07-01";"Sexologia Forense";"309"
"2022-07-01";"Toxicologia Forense";"299"
"2022-07-01";"Perícias papiloscópicas";"240"
"2022-07-01";"Engenharia Forense";"169"
"2022-07-01";"Perícias ambientais";"159"
"2022-07-01";"Documentoscopia";"67"
"2022-07-01";"Áudio e Imagem";"34"
"2022-07-01";"Anatomopatologia Forense";"21"
"2022-07-01";"Odontologia Forense";"14"
"2022-07-01";"Vestígios Biológicos";"8"
"2022-07-01";"Merceologia";"6"
"2022-07-01";"Antropologia Forense";"3"
"2022-07-01";"Entomologia Forense";"2"
"2022-07-01";"Psiquiatria Forense";"1"
"2022-08-01";"Traumatologia Forense";"5842"
"2022-08-01";"Química Forense";"2179"
"2022-08-01";"Bioquímica Forense";"1425"
"2022-08-01";"Informática Forense";"1000"
"2022-08-01";"Local de crime contra o patrimônio";"827"
"2022-08-01";"Identificação de veículos";"737"
"2022-08-01";"Tanatologia Forense";"633"
"2022-08-01";"Local de crime contra a vida";"511"
"2022-08-01";"Balística";"510"
"2022-08-01";"Sexologia Forense";"304"
"2022-08-01";"Toxicologia Forense";"290"
"2022-08-01";"Perícias papiloscópicas";"256"
"2022-08-01";"Engenharia Forense";"182"
"2022-08-01";"Perícias ambientais";"178"
"2022-08-01";"Documentoscopia";"99"
"2022-08-01";"Anatomopatologia Forense";"25"
"2022-08-01";"Áudio e Imagem";"18"
"2022-08-01";"Odontologia Forense";"12"
"2022-08-01";"Antropologia Forense";"10"
"2022-08-01";"Merceologia";"4"
"2022-08-01";"Vestígios Biológicos";"3"
"2022-08-01";"Psiquiatria Forense";"2"
"2022-09-01";"Traumatologia Forense";"5348"
"2022-09-01";"Química Forense";"2510"
"2022-09-01";"Bioquímica Forense";"1588"
"2022-09-01";"Informática Forense";"1064"
"2022-09-01";"Local de crime contra o patrimônio";"780"
"2022-09-01";"Identificação de veículos";"588"
"2022-09-01";"Tanatologia Forense";"559"
"2022-09-01";"Balística";"516"
"2022-09-01";"Local de crime contra a vida";"507"
"2022-09-01";"Toxicologia Forense";"349"
"2022-09-01";"Sexologia Forense";"320"
"2022-09-01";"Perícias papiloscópicas";"287"
"2022-09-01";"Perícias ambientais";"173"
"2022-09-01";"Engenharia Forense";"148"
"2022-09-01";"Documentoscopia";"97"
"2022-09-01";"Áudio e Imagem";"27"
"2022-09-01";"Anatomopatologia Forense";"9"
"2022-09-01";"Merceologia";"8"
"2022-09-01";"Odontologia Forense";"6"
"2022-09-01";"Entomologia Forense";"5"
"2022-09-01";"Psiquiatria Forense";"1"
"2022-10-01";"Traumatologia Forense";"5651"
"2022-10-01";"Química Forense";"1875"
"2022-10-01";"Local de crime contra o patrimônio";"791"
"2022-10-01";"Informática Forense";"773"
"2022-10-01";"Identificação de veículos";"625"
"2022-10-01";"Tanatologia Forense";"529"
"2022-10-01";"Local de crime contra a vida";"497"
"2022-10-01";"Balística";"393"
"2022-10-01";"Sexologia Forense";"337"
"2022-10-01";"Perícias papiloscópicas";"267"
"2022-10-01";"Perícias ambientais";"211"
"2022-10-01";"Toxicologia Forense";"172"
"2022-10-01";"Bioquímica Forense";"135"
"2022-10-01";"Engenharia Forense";"92"
"2022-10-01";"Documentoscopia";"89"
"2022-10-01";"Merceologia";"12"
"2022-10-01";"Áudio e Imagem";"12"
"2022-10-01";"Odontologia Forense";"7"
"2022-10-01";"Entomologia Forense";"4"
"2022-10-01";"Antropologia Forense";"3"
"2022-10-01";"Anatomopatologia Forense";"2"
"2022-10-01";"Psiquiatria Forense";"2"
"2022-11-01";"Traumatologia Forense";"5722"
"2022-11-01";"Química Forense";"2179"
"2022-11-01";"Informática Forense";"1142"
"2022-11-01";"Local de crime contra o patrimônio";"807"
"2022-11-01";"Bioquímica Forense";"561"
"2022-11-01";"Tanatologia Forense";"522"
"2022-11-01";"Local de crime contra a vida";"498"
"2022-11-01";"Balística";"464"
"2022-11-01";"Identificação de veículos";"420"
"2022-11-01";"Sexologia Forense";"365"
"2022-11-01";"Toxicologia Forense";"354"
"2022-11-01";"Perícias papiloscópicas";"227"
"2022-11-01";"Perícias ambientais";"173"
"2022-11-01";"Engenharia Forense";"140"
"2022-11-01";"Documentoscopia";"94"
"2022-11-01";"Áudio e Imagem";"41"
"2022-11-01";"Merceologia";"30"
"2022-11-01";"Anatomopatologia Forense";"8"
"2022-11-01";"Odontologia Forense";"7"
"2022-11-01";"Antropologia Forense";"4"
"2022-11-01";"Entomologia Forense";"2"
"2022-11-01";"Psiquiatria Forense";"2"
"2022-12-01";"Traumatologia Forense";"5775"
"2022-12-01";"Química Forense";"1869"
"2022-12-01";"Informática Forense";"1072"
"2022-12-01";"Local de crime contra o patrimônio";"845"
"2022-12-01";"Tanatologia Forense";"610"
"2022-12-01";"Bioquímica Forense";"596"
"2022-12-01";"Local de crime contra a vida";"563"
"2022-12-01";"Balística";"412"
"2022-12-01";"Toxicologia Forense";"387"
"2022-12-01";"Identificação de veículos";"362"
"2022-12-01";"Sexologia Forense";"310"
"2022-12-01";"Perícias papiloscópicas";"267"
"2022-12-01";"Perícias ambientais";"178"
"2022-12-01";"Engenharia Forense";"126"
"2022-12-01";"Documentoscopia";"91"
"2022-12-01";"Anatomopatologia Forense";"22"
"2022-12-01";"Áudio e Imagem";"20"
"2022-12-01";"Merceologia";"10"
"2022-12-01";"Odontologia Forense";"8"
"2022-12-01";"Antropologia Forense";"2"
"2022-12-01";"Entomologia Forense";"2"
"2022-12-01";"Contabilidade Forense";"1"
"2023-01-01";"Traumatologia Forense";"6167"
"2023-01-01";"Química Forense";"2362"
"2023-01-01";"Informática Forense";"1175"
"2023-01-01";"Local de crime contra o patrimônio";"892"
"2023-01-01";"Balística";"685"
"2023-01-01";"Tanatologia Forense";"635"
"2023-01-01";"Bioquímica Forense";"633"
"2023-01-01";"Local de crime contra a vida";"615"
"2023-01-01";"Identificação de veículos";"566"
"2023-01-01";"Perícias papiloscópicas";"330"
"2023-01-01";"Sexologia Forense";"322"
"2023-01-01";"Toxicologia Forense";"316"
"2023-01-01";"Perícias ambientais";"189"
"2023-01-01";"Engenharia Forense";"141"
"2023-01-01";"Documentoscopia";"103"
"2023-01-01";"Merceologia";"39"
"2023-01-01";"Anatomopatologia Forense";"25"
"2023-01-01";"Áudio e Imagem";"24"
"2023-01-01";"Odontologia Forense";"10"
"2023-01-01";"Antropologia Forense";"9"
"2023-01-01";"Entomologia Forense";"7"
"2023-01-01";"Medicina Veterinária";"5"
"2023-01-01";"Contabilidade Forense";"1"
"2023-01-01";"Psiquiatria Forense";"1"
"2023-02-01";"Traumatologia Forense";"5778"
"2023-02-01";"Química Forense";"2052"
"2023-02-01";"Informática Forense";"1198"
"2023-02-01";"Bioquímica Forense";"893"
"2023-02-01";"Local de crime contra o patrimônio";"777"
"2023-02-01";"Balística";"531"
"2023-02-01";"Tanatologia Forense";"526"
"2023-02-01";"Local de crime contra a vida";"498"
"2023-02-01";"Identificação de veículos";"469"
"2023-02-01";"Perícias papiloscópicas";"388"
"2023-02-01";"Sexologia Forense";"347"
"2023-02-01";"Perícias ambientais";"325"
"2023-02-01";"Toxicologia Forense";"310"
"2023-02-01";"Engenharia Forense";"166"
"2023-02-01";"Documentoscopia";"83"
"2023-02-01";"Anatomopatologia Forense";"45"
"2023-02-01";"Áudio e Imagem";"38"
"2023-02-01";"Odontologia Forense";"14"
"2023-02-01";"Merceologia";"13"
"2023-02-01";"Entomologia Forense";"7"
"2023-02-01";"Medicina Veterinária";"3"
"2023-02-01";"Antropologia Forense";"1"
"2023-03-01";"Traumatologia Forense";"6608"
"2023-03-01";"Química Forense";"2574"
"2023-03-01";"Informática Forense";"1775"
"2023-03-01";"Bioquímica Forense";"1425"
"2023-03-01";"Local de crime contra o patrimônio";"816"
"2023-03-01";"Tanatologia Forense";"651"
"2023-03-01";"Local de crime contra a vida";"609"
"2023-03-01";"Balística";"562"
"2023-03-01";"Identificação de veículos";"509"
"2023-03-01";"Perícias papiloscópicas";"405"
"2023-03-01";"Sexologia Forense";"398"
"2023-03-01";"Perícias ambientais";"352"
"2023-03-01";"Toxicologia Forense";"341"
"2023-03-01";"Engenharia Forense";"189"
"2023-03-01";"Documentoscopia";"109"
"2023-03-01";"Áudio e Imagem";"50"
"2023-03-01";"Odontologia Forense";"20"
"2023-03-01";"Merceologia";"17"
"2023-03-01";"Anatomopatologia Forense";"11"
"2023-03-01";"Entomologia Forense";"7"
"2023-03-01";"Medicina Veterinária";"6"
"2023-03-01";"Antropologia Forense";"2"
"2023-03-01";"Psiquiatria Forense";"1"
"2023-04-01";"Traumatologia Forense";"5246"
"2023-04-01";"Química Forense";"1698"
"2023-04-01";"Informática Forense";"1622"
"2023-04-01";"Local de crime contra o patrimônio";"672"
"2023-04-01";"Tanatologia Forense";"565"
"2023-04-01";"Local de crime contra a vida";"536"
"2023-04-01";"Identificação de veículos";"444"
"2023-04-01";"Balística";"433"
"2023-04-01";"Bioquímica Forense";"369"
"2023-04-01";"Perícias papiloscópicas";"316"
"2023-04-01";"Toxicologia Forense";"310"
"2023-04-01";"Sexologia Forense";"284"
"2023-04-01";"Perícias ambientais";"188"
"2023-04-01";"Engenharia Forense";"136"
"2023-04-01";"Documentoscopia";"94"
"2023-04-01";"Anatomopatologia Forense";"41"
"2023-04-01";"Áudio e Imagem";"38"
"2023-04-01";"Odontologia Forense";"16"
"2023-04-01";"Merceologia";"6"
"2023-04-01";"Entomologia Forense";"5"
"2023-04-01";"Medicina Veterinária";"4"
"2023-04-01";"Antropologia Forense";"3"
"2023-04-01";"Contabilidade Forense";"1"
"2023-05-01";"Traumatologia Forense";"5918"
"2023-05-01";"Química Forense";"2472"
"2023-05-01";"Informática Forense";"2419"
"2023-05-01";"Local de crime contra o patrimônio";"783"
"2023-05-01";"Balística";"690"
"2023-05-01";"Identificação de veículos";"649"
"2023-05-01";"Tanatologia Forense";"643"
"2023-05-01";"Local de crime contra a vida";"563"
"2023-05-01";"Sexologia Forense";"421"
"2023-05-01";"Perícias papiloscópicas";"373"
"2023-05-01";"Bioquímica Forense";"369"
"2023-05-01";"Toxicologia Forense";"351"
"2023-05-01";"Perícias ambientais";"210"
"2023-05-01";"Engenharia Forense";"203"
"2023-05-01";"Documentoscopia";"149"
"2023-05-01";"Anatomopatologia Forense";"116"
"2023-05-01";"Áudio e Imagem";"30"
"2023-05-01";"Merceologia";"19"
"2023-05-01";"Odontologia Forense";"8"
"2023-05-01";"Medicina Veterinária";"6"
"2023-05-01";"Antropologia Forense";"2"
"2023-05-01";"Entomologia Forense";"2"
"2023-05-01";"Psiquiatria Forense";"2"
"2023-06-01";"Traumatologia Forense";"5367"
"2023-06-01";"Informática Forense";"1932"
"2023-06-01";"Química Forense";"1920"
"2023-06-01";"Local de crime contra o patrimônio";"694"
"2023-06-01";"Tanatologia Forense";"589"
"2023-06-01";"Balística";"548"
"2023-06-01";"Identificação de veículos";"500"
"2023-06-01";"Local de crime contra a vida";"479"
"2023-06-01";"Bioquímica Forense";"371"
"2023-06-01";"Perícias papiloscópicas";"322"
"2023-06-01";"Toxicologia Forense";"314"
"2023-06-01";"Sexologia Forense";"313"
"2023-06-01";"Perícias ambientais";"199"
"2023-06-01";"Engenharia Forense";"166"
"2023-06-01";"Documentoscopia";"116"
"2023-06-01";"Anatomopatologia Forense";"44"
"2023-06-01";"Áudio e Imagem";"24"
"2023-06-01";"Merceologia";"21"
"2023-06-01";"Medicina Veterinária";"8"
"2023-06-01";"Odontologia Forense";"7"
"2023-06-01";"Psiquiatria Forense";"2"
"2023-06-01";"Antropologia Forense";"1"
"2023-06-01";"Contabilidade Forense";"1"
"2023-07-01";"Traumatologia Forense";"5256"
"2023-07-01";"Informática Forense";"1931"
"2023-07-01";"Química Forense";"1696"
"2023-07-01";"Local de crime contra o patrimônio";"698"
"2023-07-01";"Tanatologia Forense";"563"
"2023-07-01";"Identificação de veículos";"514"
"2023-07-01";"Local de crime contra a vida";"492"
"2023-07-01";"Balística";"457"
"2023-07-01";"Sexologia Forense";"280"
"2023-07-01";"Toxicologia Forense";"257"
"2023-07-01";"Perícias papiloscópicas";"228"
"2023-07-01";"Perícias ambientais";"174"
"2023-07-01";"Engenharia Forense";"96"
"2023-07-01";"Documentoscopia";"84"
"2023-07-01";"Bioquímica Forense";"75"
"2023-07-01";"Áudio e Imagem";"11"
"2023-07-01";"Anatomopatologia Forense";"10"
"2023-07-01";"Merceologia";"9"
"2023-07-01";"Medicina Veterinária";"8"
"2023-07-01";"Odontologia Forense";"7"
"2023-07-01";"Psiquiatria Forense";"4"
"2023-07-01";"Entomologia Forense";"2"
"2023-07-01";"Antropologia Forense";"1"
"2023-07-01";"Banco de Perfis Balísticos de Santa Catarina";"1"
"2023-08-01";"Traumatologia Forense";"6289"
"2023-08-01";"Química Forense";"2689"
"2023-08-01";"Informática Forense";"2079"
"2023-08-01";"Local de crime contra o patrimônio";"880"
"2023-08-01";"Balística";"590"
"2023-08-01";"Identificação de veículos";"588"
"2023-08-01";"Tanatologia Forense";"541"
"2023-08-01";"Local de crime contra a vida";"472"
"2023-08-01";"Bioquímica Forense";"455"
"2023-08-01";"Sexologia Forense";"357"
"2023-08-01";"Perícias papiloscópicas";"350"
"2023-08-01";"Toxicologia Forense";"330"
"2023-08-01";"Perícias ambientais";"235"
"2023-08-01";"Engenharia Forense";"204"
"2023-08-01";"Documentoscopia";"115"
"2023-08-01";"Áudio e Imagem";"41"
"2023-08-01";"Anatomopatologia Forense";"27"
"2023-08-01";"Banco de Perfis Balísticos de Santa Catarina";"9"
"2023-08-01";"Medicina Veterinária";"9"
"2023-08-01";"Odontologia Forense";"9"
"2023-08-01";"Merceologia";"5"
"2023-08-01";"Psiquiatria Forense";"4"
"2023-08-01";"Antropologia Forense";"3"
"2023-09-01";"Traumatologia Forense";"5900"
"2023-09-01";"Química Forense";"2023"
"2023-09-01";"Informática Forense";"1941"
"2023-09-01";"Local de crime contra o patrimônio";"755"
"2023-09-01";"Bioquímica Forense";"649"
"2023-09-01";"Tanatologia Forense";"609"
"2023-09-01";"Local de crime contra a vida";"555"
"2023-09-01";"Balística";"521"
"2023-09-01";"Identificação de veículos";"418"
"2023-09-01";"Sexologia Forense";"364"
"2023-09-01";"Toxicologia Forense";"335"
"2023-09-01";"Perícias papiloscópicas";"327"
"2023-09-01";"Engenharia Forense";"107"
"2023-09-01";"Perícias ambientais";"101"
"2023-09-01";"Documentoscopia";"79"
"2023-09-01";"Anatomopatologia Forense";"41"
"2023-09-01";"Áudio e Imagem";"37"
"2023-09-01";"Medicina Veterinária";"19"
"2023-09-01";"Odontologia Forense";"16"
"2023-09-01";"Merceologia";"15"
"2023-09-01";"Banco de Perfis Balísticos de Santa Catarina";"11"
"2023-09-01";"Entomologia Forense";"4"
"2023-09-01";"Antropologia Forense";"3"
"2023-09-01";"Contabilidade Forense";"1"
"2023-09-01";"Psiquiatria Forense";"1"
"2023-10-01";"Traumatologia Forense";"5428"
"2023-10-01";"Informática Forense";"2335"
"2023-10-01";"Química Forense";"2019"
"2023-10-01";"Local de crime contra o patrimônio";"747"
"2023-10-01";"Tanatologia Forense";"582"
"2023-10-01";"Balística";"562"
"2023-10-01";"Local de crime contra a vida";"502"
"2023-10-01";"Identificação de veículos";"499"
"2023-10-01";"Sexologia Forense";"323"
"2023-10-01";"Perícias papiloscópicas";"278"
"2023-10-01";"Toxicologia Forense";"241"
"2023-10-01";"Bioquímica Forense";"218"
"2023-10-01";"Perícias ambientais";"170"
"2023-10-01";"Engenharia Forense";"102"
"2023-10-01";"Documentoscopia";"95"
"2023-10-01";"Áudio e Imagem";"39"
"2023-10-01";"Banco de Perfis Balísticos de Santa Catarina";"22"
"2023-10-01";"Anatomopatologia Forense";"12"
"2023-10-01";"Medicina Veterinária";"7"
"2023-10-01";"Entomologia Forense";"6"
"2023-10-01";"Merceologia";"5"
"2023-10-01";"Odontologia Forense";"5"
"2023-10-01";"Psiquiatria Forense";"3"
"2023-10-01";"Antropologia Forense";"1"
"2023-11-01";"Traumatologia Forense";"5593"
"2023-11-01";"Química Forense";"2033"
"2023-11-01";"Informática Forense";"1928"
"2023-11-01";"Local de crime contra o patrimônio";"722"
"2023-11-01";"Tanatologia Forense";"592"
"2023-11-01";"Local de crime contra a vida";"541"
"2023-11-01";"Balística";"481"
"2023-11-01";"Identificação de veículos";"443"
"2023-11-01";"Toxicologia Forense";"341"
"2023-11-01";"Sexologia Forense";"319"
"2023-11-01";"Perícias papiloscópicas";"296"
"2023-11-01";"Perícias ambientais";"278"
"2023-11-01";"Bioquímica Forense";"158"
"2023-11-01";"Documentoscopia";"142"
"2023-11-01";"Engenharia Forense";"119"
"2023-11-01";"Áudio e Imagem";"24"
"2023-11-01";"Anatomopatologia Forense";"19"
"2023-11-01";"Banco de Perfis Balísticos de Santa Catarina";"16"
"2023-11-01";"Odontologia Forense";"6"
"2023-11-01";"Antropologia Forense";"2"
"2023-11-01";"Entomologia Forense";"2"
"2023-11-01";"Merceologia";"2"
"2023-11-01";"Medicina Veterinária";"1"
"2023-12-01";"Traumatologia Forense";"5411"
"2023-12-01";"Química Forense";"1517"
"2023-12-01";"Informática Forense";"1480"
"2023-12-01";"Tanatologia Forense";"651"
"2023-12-01";"Local de crime contra a vida";"624"
"2023-12-01";"Local de crime contra o patrimônio";"584"
"2023-12-01";"Identificação de veículos";"366"
"2023-12-01";"Balística";"327"
"2023-12-01";"Sexologia Forense";"278"
"2023-12-01";"Toxicologia Forense";"272"
"2023-12-01";"Perícias papiloscópicas";"252"
"2023-12-01";"Perícias ambientais";"138"
"2023-12-01";"Bioquímica Forense";"112"
"2023-12-01";"Documentoscopia";"88"
"2023-12-01";"Engenharia Forense";"83"
"2023-12-01";"Anatomopatologia Forense";"34"
"2023-12-01";"Áudio e Imagem";"20"
"2023-12-01";"Odontologia Forense";"13"
"2023-12-01";"Antropologia Forense";"8"
"2023-12-01";"Merceologia";"8"
"2023-12-01";"Medicina Veterinária";"3"
"2023-12-01";"Banco de Perfis Balísticos de Santa Catarina";"1"
"2023-12-01";"Psiquiatria Forense";"1"
"2024-01-01";"Traumatologia Forense";"5896"
"2024-01-01";"Química Forense";"2583"
"2024-01-01";"Informática Forense";"1841"
"2024-01-01";"Local de crime contra o patrimônio";"856"
"2024-01-01";"Tanatologia Forense";"703"
"2024-01-01";"Local de crime contra a vida";"578"
"2024-01-01";"Identificação de veículos";"465"
"2024-01-01";"Toxicologia Forense";"428"
"2024-01-01";"Balística";"415"
"2024-01-01";"Perícias papiloscópicas";"340"
"2024-01-01";"Sexologia Forense";"328"
"2024-01-01";"Bioquímica Forense";"275"
"2024-01-01";"Engenharia Forense";"151"
"2024-01-01";"Perícias ambientais";"84"
"2024-01-01";"Documentoscopia";"56"
"2024-01-01";"Áudio e Imagem";"47"
"2024-01-01";"Anatomopatologia Forense";"45"
"2024-01-01";"Merceologia";"10"
"2024-01-01";"Medicina Veterinária";"8"
"2024-01-01";"Odontologia Forense";"6"
"2024-01-01";"Antropologia Forense";"5"
"2024-01-01";"Entomologia Forense";"5"
"2024-01-01";"Contabilidade Forense";"2"
"2024-01-01";"Psiquiatria Forense";"1"
"2024-02-01";"Traumatologia Forense";"5701"
"2024-02-01";"Química Forense";"2293"
"2024-02-01";"Informática Forense";"2281"
"2024-02-01";"Local de crime contra o patrimônio";"761"
"2024-02-01";"Tanatologia Forense";"703"
"2024-02-01";"Balística";"604"
"2024-02-01";"Local de crime contra a vida";"594"
"2024-02-01";"Bioquímica Forense";"487"
"2024-02-01";"Identificação de veículos";"448"
"2024-02-01";"Toxicologia Forense";"319"
"2024-02-01";"Sexologia Forense";"278"
"2024-02-01";"Perícias papiloscópicas";"265"
"2024-02-01";"Perícias ambientais";"210"
"2024-02-01";"Engenharia Forense";"139"
"2024-02-01";"Documentoscopia";"87"
"2024-02-01";"Áudio e Imagem";"35"
"2024-02-01";"Anatomopatologia Forense";"33"
"2024-02-01";"Medicina Veterinária";"11"
"2024-02-01";"Antropologia Forense";"10"
"2024-02-01";"Merceologia";"7"
"2024-02-01";"Odontologia Forense";"6"
"2024-02-01";"Entomologia Forense";"2"
"2024-03-01";"Traumatologia Forense";"6276"
"2024-03-01";"Informática Forense";"2077"
"2024-03-01";"Química Forense";"1931"
"2024-03-01";"Tanatologia Forense";"754"
"2024-03-01";"Local de crime contra o patrimônio";"733"
"2024-03-01";"Local de crime contra a vida";"669"
"2024-03-01";"Bioquímica Forense";"571"
"2024-03-01";"Balística";"496"
"2024-03-01";"Identificação de veículos";"424"
"2024-03-01";"Perícias papiloscópicas";"327"
"2024-03-01";"Sexologia Forense";"311"
"2024-03-01";"Toxicologia Forense";"282"
"2024-03-01";"Perícias ambientais";"216"
"2024-03-01";"Engenharia Forense";"132"
"2024-03-01";"Documentoscopia";"103"
"2024-03-01";"Anatomopatologia Forense";"31"
"2024-03-01";"Áudio e Imagem";"27"
"2024-03-01";"Entomologia Forense";"10"
"2024-03-01";"Medicina Veterinária";"9"
"2024-03-01";"Odontologia Forense";"9"
"2024-03-01";"Merceologia";"6"
"2024-03-01";"Antropologia Forense";"2"
"2024-04-01";"Traumatologia Forense";"6248"
"2024-04-01";"Informática Forense";"2469"
"2024-04-01";"Química Forense";"2331"
"2024-04-01";"Local de crime contra o patrimônio";"745"
"2024-04-01";"Tanatologia Forense";"708"
"2024-04-01";"Balística";"604"
"2024-04-01";"Identificação de veículos";"524"
"2024-04-01";"Local de crime contra a vida";"522"
"2024-04-01";"Bioquímica Forense";"501"
"2024-04-01";"Perícias papiloscópicas";"365"
"2024-04-01";"Sexologia Forense";"316"
"2024-04-01";"Toxicologia Forense";"310"
"2024-04-01";"Perícias ambientais";"160"
"2024-04-01";"Engenharia Forense";"154"
"2024-04-01";"Documentoscopia";"89"
"2024-04-01";"Anatomopatologia Forense";"37"
"2024-04-01";"Medicina Veterinária";"23"
"2024-04-01";"Áudio e Imagem";"20"
"2024-04-01";"Merceologia";"18"
"2024-04-01";"Odontologia Forense";"9"
"2024-04-01";"Entomologia Forense";"7"
"2024-04-01";"Antropologia Forense";"5"
"2024-04-01";"Psiquiatria Forense";"1"
"2024-05-01";"Traumatologia Forense";"5480"
"2024-05-01";"Informática Forense";"2836"
"2024-05-01";"Química Forense";"2089"
"2024-05-01";"Local de crime contra o patrimônio";"664"
"2024-05-01";"Tanatologia Forense";"641"
"2024-05-01";"Balística";"534"
"2024-05-01";"Bioquímica Forense";"527"
"2024-05-01";"Identificação de veículos";"519"
"2024-05-01";"Local de crime contra a vida";"513"
"2024-05-01";"Toxicologia Forense";"377"
"2024-05-01";"Perícias papiloscópicas";"323"
"2024-05-01";"Sexologia Forense";"304"
"2024-05-01";"Engenharia Forense";"131"
"2024-05-01";"Documentoscopia";"97"
"2024-05-01";"Perícias ambientais";"87"
"2024-05-01";"Anatomopatologia Forense";"46"
"2024-05-01";"Medicina Veterinária";"26"
"2024-05-01";"Merceologia";"26"
"2024-05-01";"Áudio e Imagem";"20"
"2024-05-01";"Odontologia Forense";"10"
"2024-05-01";"Psiquiatria Forense";"10"
"2024-05-01";"Antropologia Forense";"2"
"2024-06-01";"Traumatologia Forense";"5723"
"2024-06-01";"Informática Forense";"3130"
"2024-06-01";"Química Forense";"2144"
"2024-06-01";"Bioquímica Forense";"814"
"2024-06-01";"Local de crime contra o patrimônio";"627"
"2024-06-01";"Tanatologia Forense";"625"
"2024-06-01";"Local de crime contra a vida";"552"
"2024-06-01";"Balística";"493"
"2024-06-01";"Identificação de veículos";"371"
"2024-06-01";"Sexologia Forense";"355"
"2024-06-01";"Toxicologia Forense";"298"
"2024-06-01";"Perícias papiloscópicas";"268"
"2024-06-01";"Perícias ambientais";"232"
"2024-06-01";"Engenharia Forense";"151"
"2024-06-01";"Documentoscopia";"84"
"2024-06-01";"Áudio e Imagem";"43"
"2024-06-01";"Medicina Veterinária";"28"
"2024-06-01";"Anatomopatologia Forense";"20"
"2024-06-01";"Odontologia Forense";"16"
"2024-06-01";"Psiquiatria Forense";"13"
"2024-06-01";"Merceologia";"12"
"2024-06-01";"Entomologia Forense";"3"
"2024-06-01";"Antropologia Forense";"2"
"2024-07-01";"Traumatologia Forense";"5611"
"2024-07-01";"Informática Forense";"3768"
"2024-07-01";"Química Forense";"2019"
"2024-07-01";"Bioquímica Forense";"1138"
"2024-07-01";"Local de crime contra o patrimônio";"696"
"2024-07-01";"Tanatologia Forense";"675"
"2024-07-01";"Local de crime contra a vida";"505"
"2024-07-01";"Identificação de veículos";"416"
"2024-07-01";"Balística";"385"
"2024-07-01";"Toxicologia Forense";"332"
"2024-07-01";"Perícias papiloscópicas";"304"
"2024-07-01";"Sexologia Forense";"276"
"2024-07-01";"Perícias ambientais";"162"
"2024-07-01";"Engenharia Forense";"131"
"2024-07-01";"Documentoscopia";"100"
"2024-07-01";"Medicina Veterinária";"53"
"2024-07-01";"Anatomopatologia Forense";"27"
"2024-07-01";"Psiquiatria Forense";"18"
"2024-07-01";"Áudio e Imagem";"18"
"2024-07-01";"Merceologia";"9"
"2024-07-01";"Entomologia Forense";"5"
"2024-07-01";"Antropologia Forense";"3"
"2024-07-01";"Odontologia Forense";"3"
"2024-08-01";"Traumatologia Forense";"5765"
"2024-08-01";"Informática Forense";"3476"
"2024-08-01";"Química Forense";"2041"
"2024-08-01";"Local de crime contra o patrimônio";"735"
"2024-08-01";"Balística";"634"
"2024-08-01";"Tanatologia Forense";"631"
"2024-08-01";"Local de crime contra a vida";"542"
"2024-08-01";"Identificação de veículos";"473"
"2024-08-01";"Sexologia Forense";"359"
"2024-08-01";"Bioquímica Forense";"339"
"2024-08-01";"Perícias papiloscópicas";"332"
"2024-08-01";"Toxicologia Forense";"330"
"2024-08-01";"Perícias ambientais";"204"
"2024-08-01";"Engenharia Forense";"173"
"2024-08-01";"Documentoscopia";"85"
"2024-08-01";"Áudio e Imagem";"22"
"2024-08-01";"Anatomopatologia Forense";"17"
"2024-08-01";"Medicina Veterinária";"11"
"2024-08-01";"Merceologia";"11"
"2024-08-01";"Odontologia Forense";"9"
"2024-08-01";"Psiquiatria Forense";"7"
"2024-08-01";"Antropologia Forense";"5"
"2024-08-01";"Entomologia Forense";"2"
"2024-09-01";"Traumatologia Forense";"5962"
"2024-09-01";"Informática Forense";"3626"
"2024-09-01";"Química Forense";"1851"
"2024-09-01";"Local de crime contra o patrimônio";"681"
"2024-09-01";"Tanatologia Forense";"631"
"2024-09-01";"Local de crime contra a vida";"512"
"2024-09-01";"Balística";"474"
"2024-09-01";"Identificação de veículos";"399"
"2024-09-01";"Sexologia Forense";"369"
"2024-09-01";"Toxicologia Forense";"350"
"2024-09-01";"Bioquímica Forense";"288"
"2024-09-01";"Perícias papiloscópicas";"230"
"2024-09-01";"Perícias ambientais";"161"
"2024-09-01";"Engenharia Forense";"150"
"2024-09-01";"Documentoscopia";"80"
"2024-09-01";"Merceologia";"36"
"2024-09-01";"Áudio e Imagem";"31"
"2024-09-01";"Medicina Veterinária";"29"
"2024-09-01";"Anatomopatologia Forense";"24"
"2024-09-01";"Psiquiatria Forense";"17"
"2024-09-01";"Entomologia Forense";"8"
"2024-09-01";"Odontologia Forense";"6"
"2024-09-01";"Antropologia Forense";"4"
"2024-09-01";"Contabilidade Forense";"1"
"2024-10-01";"Traumatologia Forense";"6248"
"2024-10-01";"Informática Forense";"3752"
"2024-10-01";"Química Forense";"1693"
"2024-10-01";"Local de crime contra o patrimônio";"802"
"2024-10-01";"Tanatologia Forense";"618"
"2024-10-01";"Balística";"575"
"2024-10-01";"Local de crime contra a vida";"573"
"2024-10-01";"Identificação de veículos";"442"
"2024-10-01";"Sexologia Forense";"412"
"2024-10-01";"Toxicologia Forense";"255"
"2024-10-01";"Perícias papiloscópicas";"246"
"2024-10-01";"Bioquímica Forense";"180"
"2024-10-01";"Engenharia Forense";"180"
"2024-10-01";"Perícias ambientais";"137"
"2024-10-01";"Documentoscopia";"107"
"2024-10-01";"Áudio e Imagem";"40"
"2024-10-01";"Medicina Veterinária";"32"
"2024-10-01";"Anatomopatologia Forense";"22"
"2024-10-01";"Psiquiatria Forense";"22"
"2024-10-01";"Merceologia";"21"
"2024-10-01";"Banco de Perfis Balísticos de Santa Catarina";"20"
"2024-10-01";"Odontologia Forense";"9"
"2024-10-01";"Antropologia Forense";"2"
"2024-10-01";"Contabilidade Forense";"1"
"2024-11-01";"Traumatologia Forense";"5987"
"2024-11-01";"Informática Forense";"3125"
"2024-11-01";"Química Forense";"1709"
"2024-11-01";"Local de crime contra o patrimônio";"719"
"2024-11-01";"Tanatologia Forense";"564"
"2024-11-01";"Identificação de veículos";"490"
"2024-11-01";"Local de crime contra a vida";"474"
"2024-11-01";"Balística";"434"
"2024-11-01";"Sexologia Forense";"330"
"2024-11-01";"Toxicologia Forense";"327"
"2024-11-01";"Perícias ambientais";"233"
"2024-11-01";"Perícias papiloscópicas";"170"
"2024-11-01";"Engenharia Forense";"124"
"2024-11-01";"Bioquímica Forense";"109"
"2024-11-01";"Documentoscopia";"108"
"2024-11-01";"Áudio e Imagem";"35"
"2024-11-01";"Banco de Perfis Balísticos de Santa Catarina";"33"
"2024-11-01";"Medicina Veterinária";"28"
"2024-11-01";"Psiquiatria Forense";"20"
"2024-11-01";"Merceologia";"11"
"2024-11-01";"Anatomopatologia Forense";"7"
"2024-11-01";"Odontologia Forense";"6"
"2024-11-01";"Antropologia Forense";"2"
"2024-11-01";"Contabilidade Forense";"1"
"2024-12-01";"Traumatologia Forense";"5389"
"2024-12-01";"Informática Forense";"2428"
"2024-12-01";"Química Forense";"1588"
"2024-12-01";"Tanatologia Forense";"678"
"2024-12-01";"Local de crime contra a vida";"608"
"2024-12-01";"Local de crime contra o patrimônio";"555"
"2024-12-01";"Identificação de veículos";"397"
"2024-12-01";"Balística";"389"
"2024-12-01";"Toxicologia Forense";"254"
"2024-12-01";"Sexologia Forense";"250"
"2024-12-01";"Bioquímica Forense";"244"
"2024-12-01";"Perícias papiloscópicas";"151"
"2024-12-01";"Engenharia Forense";"138"
"2024-12-01";"Perícias ambientais";"102"
"2024-12-01";"Documentoscopia";"69"
"2024-12-01";"Anatomopatologia Forense";"35"
"2024-12-01";"Áudio e Imagem";"27"
"2024-12-01";"Merceologia";"19"
"2024-12-01";"Medicina Veterinária";"14"
"2024-12-01";"Banco de Perfis Balísticos de Santa Catarina";"13"
"2024-12-01";"Odontologia Forense";"10"
"2024-12-01";"Psiquiatria Forense";"10"
"2024-12-01";"Antropologia Forense";"5"
"2025-01-01";"Traumatologia Forense";"6341"
"2025-01-01";"Informática Forense";"3189"
"2025-01-01";"Química Forense";"2175"
"2025-01-01";"Local de crime contra o patrimônio";"769"
"2025-01-01";"Tanatologia Forense";"712"
"2025-01-01";"Bioquímica Forense";"671"
"2025-01-01";"Local de crime contra a vida";"609"
"2025-01-01";"Toxicologia Forense";"496"
"2025-01-01";"Balística";"492"
"2025-01-01";"Identificação de veículos";"459"
"2025-01-01";"Sexologia Forense";"295"
"2025-01-01";"Perícias ambientais";"212"
"2025-01-01";"Engenharia Forense";"178"
"2025-01-01";"Perícias papiloscópicas";"157"
"2025-01-01";"Documentoscopia";"42"
"2025-01-01";"Áudio e Imagem";"39"
"2025-01-01";"Anatomopatologia Forense";"33"
"2025-01-01";"Psiquiatria Forense";"29"
"2025-01-01";"Medicina Veterinária";"28"
"2025-01-01";"Merceologia";"16"
"2025-01-01";"Banco de Perfis Balísticos de Santa Catarina";"14"
"2025-01-01";"Odontologia Forense";"8"
"2025-01-01";"Antropologia Forense";"3"
"2025-01-01";"Entomologia Forense";"3"
"2025-02-01";"Traumatologia Forense";"6237"
"2025-02-01";"Informática Forense";"3409"
"2025-02-01";"Química Forense";"2264"
"2025-02-01";"Local de crime contra o patrimônio";"717"
"2025-02-01";"Tanatologia Forense";"711"
"2025-02-01";"Local de crime contra a vida";"555"
"2025-02-01";"Balística";"548"
"2025-02-01";"Bioquímica Forense";"474"
"2025-02-01";"Identificação de veículos";"444"
"2025-02-01";"Toxicologia Forense";"332"
"2025-02-01";"Sexologia Forense";"281"
"2025-02-01";"Perícias papiloscópicas";"226"
"2025-02-01";"Engenharia Forense";"184"
"2025-02-01";"Perícias ambientais";"177"
"2025-02-01";"Documentoscopia";"108"
"2025-02-01";"Medicina Veterinária";"39"
"2025-02-01";"Áudio e Imagem";"37"
"2025-02-01";"Banco de Perfis Balísticos de Santa Catarina";"30"
"2025-02-01";"Psiquiatria Forense";"25"
"2025-02-01";"Anatomopatologia Forense";"13"
"2025-02-01";"Odontologia Forense";"13"
"2025-02-01";"Merceologia";"12"
"2025-02-01";"Antropologia Forense";"4"
"2025-02-01";"Entomologia Forense";"2"
"2025-03-01";"Traumatologia Forense";"6593"
"2025-03-01";"Informática Forense";"3320"
"2025-03-01";"Química Forense";"1865"
"2025-03-01";"Local de crime contra o patrimônio";"732"
"2025-03-01";"Tanatologia Forense";"702"
"2025-03-01";"Local de crime contra a vida";"598"
"2025-03-01";"Bioquímica Forense";"586"
"2025-03-01";"Identificação de veículos";"549"
"2025-03-01";"Balística";"547"
"2025-03-01";"Toxicologia Forense";"405"
"2025-03-01";"Sexologia Forense";"316"
"2025-03-01";"Perícias papiloscópicas";"229"
"2025-03-01";"Perícias ambientais";"211"
"2025-03-01";"Engenharia Forense";"187"
"2025-03-01";"Documentoscopia";"124"
"2025-03-01";"Banco de Perfis Balísticos de Santa Catarina";"27"
"2025-03-01";"Áudio e Imagem";"20"
"2025-03-01";"Psiquiatria Forense";"19"
"2025-03-01";"Merceologia";"14"
"2025-03-01";"Medicina Veterinária";"11"
"2025-03-01";"Odontologia Forense";"11"
"2025-03-01";"Anatomopatologia Forense";"9"
"2025-03-01";"Entomologia Forense";"4"
"2025-03-01";"Antropologia Forense";"2"
"2025-04-01";"Traumatologia Forense";"6254"
"2025-04-01";"Informática Forense";"3170"
"2025-04-01";"Química Forense";"2215"
"2025-04-01";"Local de crime contra o patrimônio";"634"
"2025-04-01";"Tanatologia Forense";"595"
"2025-04-01";"Identificação de veículos";"558"
"2025-04-01";"Balística";"523"
"2025-04-01";"Local de crime contra a vida";"479"
"2025-04-01";"Sexologia Forense";"329"
"2025-04-01";"Toxicologia Forense";"327"
"2025-04-01";"Perícias papiloscópicas";"263"
"2025-04-01";"Bioquímica Forense";"251"
"2025-04-01";"Engenharia Forense";"190"
"2025-04-01";"Perícias ambientais";"137"
"2025-04-01";"Documentoscopia";"87"
"2025-04-01";"Medicina Veterinária";"28"
"2025-04-01";"Anatomopatologia Forense";"23"
"2025-04-01";"Áudio e Imagem";"22"
"2025-04-01";"Banco de Perfis Balísticos de Santa Catarina";"21"
"2025-04-01";"Odontologia Forense";"19"
"2025-04-01";"Merceologia";"17"
"2025-04-01";"Entomologia Forense";"12"
"2025-04-01";"Psiquiatria Forense";"6"
"2025-04-01";"Antropologia Forense";"4"
"2025-04-01";"Contabilidade Forense";"3"
"2025-05-01";"Traumatologia Forense";"6376"
"2025-05-01";"Informática Forense";"3295"
"2025-05-01";"Química Forense";"2540"
"2025-05-01";"Local de crime contra o patrimônio";"801"
"2025-05-01";"Bioquímica Forense";"744"
"2025-05-01";"Balística";"603"
"2025-05-01";"Tanatologia Forense";"571"
"2025-05-01";"Identificação de veículos";"563"
"2025-05-01";"Local de crime contra a vida";"559"
"2025-05-01";"Perícias papiloscópicas";"323"
"2025-05-01";"Toxicologia Forense";"304"
"2025-05-01";"Sexologia Forense";"287"
"2025-05-01";"Engenharia Forense";"205"
"2025-05-01";"Perícias ambientais";"179"
"2025-05-01";"Documentoscopia";"119"
"2025-05-01";"Anatomopatologia Forense";"43"
"2025-05-01";"Medicina Veterinária";"34"
"2025-05-01";"Merceologia";"29"
"2025-05-01";"Áudio e Imagem";"22"
"2025-05-01";"Psiquiatria Forense";"21"
"2025-05-01";"Banco de Perfis Balísticos de Santa Catarina";"20"
"2025-05-01";"Odontologia Forense";"13"
"2025-05-01";"Antropologia Forense";"8"
"2025-06-01";"Traumatologia Forense";"5499"
"2025-06-01";"Informática Forense";"2951"
"2025-06-01";"Química Forense";"2030"
"2025-06-01";"Local de crime contra o patrimônio";"698"
"2025-06-01";"Tanatologia Forense";"584"
"2025-06-01";"Identificação de veículos";"496"
"2025-06-01";"Local de crime contra a vida";"484"
"2025-06-01";"Balística";"453"
"2025-06-01";"Bioquímica Forense";"378"
"2025-06-01";"Perícias papiloscópicas";"317"
"2025-06-01";"Toxicologia Forense";"301"
"2025-06-01";"Sexologia Forense";"247"
"2025-06-01";"Perícias ambientais";"161"
"2025-06-01";"Engenharia Forense";"118"
"2025-06-01";"Documentoscopia";"88"
"2025-06-01";"Merceologia";"29"
"2025-06-01";"Banco de Perfis Balísticos de Santa Catarina";"23"
"2025-06-01";"Medicina Veterinária";"23"
"2025-06-01";"Anatomopatologia Forense";"21"
"2025-06-01";"Psiquiatria Forense";"18"
"2025-06-01";"Áudio e Imagem";"18"
"2025-06-01";"Odontologia Forense";"12"
"2025-06-01";"Antropologia Forense";"5"
"2025-06-01";"Contabilidade Forense";"3"
"2025-07-01";"Traumatologia Forense";"6274"
"2025-07-01";"Informática Forense";"3235"
"2025-07-01";"Química Forense";"2250"
"2025-07-01";"Local de crime contra o patrimônio";"698"
"2025-07-01";"Balística";"572"
"2025-07-01";"Tanatologia Forense";"529"
"2025-07-01";"Local de crime contra a vida";"499"
"2025-07-01";"Identificação de veículos";"496"
"2025-07-01";"Bioquímica Forense";"442"
"2025-07-01";"Toxicologia Forense";"363"
"2025-07-01";"Perícias papiloscópicas";"341"
"2025-07-01";"Perícias ambientais";"279"
"2025-07-01";"Sexologia Forense";"279"
"2025-07-01";"Engenharia Forense";"185"
"2025-07-01";"Documentoscopia";"76"
"2025-07-01";"Merceologia";"39"
"2025-07-01";"Áudio e Imagem";"36"
"2025-07-01";"Banco de Perfis Balísticos de Santa Catarina";"33"
"2025-07-01";"Medicina Veterinária";"31"
"2025-07-01";"Psiquiatria Forense";"28"
"2025-07-01";"Anatomopatologia Forense";"10"
"2025-07-01";"Odontologia Forense";"9"
"2025-07-01";"Entomologia Forense";"6"
"2025-07-01";"Antropologia Forense";"1"
"2025-07-01";"Contabilidade Forense";"1"
"2025-08-01";"Traumatologia Forense";"1698"
"2025-08-01";"Informática Forense";"737"
"2025-08-01";"Química Forense";"619"
"2025-08-01";"Local de crime contra a vida";"141"
"2025-08-01";"Local de crime contra o patrimônio";"118"
"2025-08-01";"Tanatologia Forense";"118"
"2025-08-01";"Identificação de veículos";"105"
"2025-08-01";"Balística";"99"
"2025-08-01";"Perícias papiloscópicas";"77"
"2025-08-01";"Sexologia Forense";"69"
"2025-08-01";"Toxicologia Forense";"61"
"2025-08-01";"Engenharia Forense";"45"
"2025-08-01";"Perícias ambientais";"35"
"2025-08-01";"Bioquímica Forense";"33"
"2025-08-01";"Documentoscopia";"31"
"2025-08-01";"Anatomopatologia Forense";"18"
"2025-08-01";"Banco de Perfis Balísticos de Santa Catarina";"11"
"2025-08-01";"Medicina Veterinária";"10"
"2025-08-01";"Áudio e Imagem";"8"
"2025-08-01";"Merceologia";"7"
"2025-08-01";"Psiquiatria Forense";"6"
"2025-08-01";"Odontologia Forense";"5"
"2025-08-01";"Antropologia Forense";"4"
