"data_interesse";"txcompetencia";"iddocumento"
"2019-01-01";"Traumatologia Forense";"2011"
"2019-01-01";"Química Forense";"1774"
"2019-01-01";"Identificação de veículos";"427"
"2019-01-01";"Balística";"388"
"2019-01-01";"Informática Forense";"377"
"2019-01-01";"Tanatologia Forense";"333"
"2019-01-01";"Local de crime contra o patrimônio";"299"
"2019-01-01";"Local de crime contra a vida";"193"
"2019-01-01";"Sexologia Forense";"155"
"2019-01-01";"Vestígios Biológicos";"140"
"2019-01-01";"Documentoscopia";"121"
"2019-01-01";"Engenharia Forense";"103"
"2019-01-01";"Toxicologia Forense";"56"
"2019-01-01";"Perícias papiloscópicas";"48"
"2019-01-01";"Perícias ambientais";"45"
"2019-01-01";"Áudio e Imagem";"22"
"2019-01-01";"Anatomopatologia Forense";"19"
"2019-01-01";"Merceologia";"16"
"2019-01-01";"Bioquímica Forense";"13"
"2019-02-01";"Traumatologia Forense";"1991"
"2019-02-01";"Química Forense";"1811"
"2019-02-01";"Balística";"393"
"2019-02-01";"Informática Forense";"379"
"2019-02-01";"Identificação de veículos";"360"
"2019-02-01";"Local de crime contra o patrimônio";"308"
"2019-02-01";"Tanatologia Forense";"275"
"2019-02-01";"Local de crime contra a vida";"188"
"2019-02-01";"Vestígios Biológicos";"167"
"2019-02-01";"Sexologia Forense";"157"
"2019-02-01";"Documentoscopia";"96"
"2019-02-01";"Engenharia Forense";"96"
"2019-02-01";"Toxicologia Forense";"68"
"2019-02-01";"Perícias papiloscópicas";"54"
"2019-02-01";"Anatomopatologia Forense";"45"
"2019-02-01";"Perícias ambientais";"37"
"2019-02-01";"Merceologia";"24"
"2019-02-01";"Bioquímica Forense";"18"
"2019-02-01";"Áudio e Imagem";"17"
"2019-03-01";"Traumatologia Forense";"1971"
"2019-03-01";"Química Forense";"1099"
"2019-03-01";"Identificação de veículos";"392"
"2019-03-01";"Balística";"335"
"2019-03-01";"Informática Forense";"328"
"2019-03-01";"Local de crime contra o patrimônio";"283"
"2019-03-01";"Tanatologia Forense";"267"
"2019-03-01";"Local de crime contra a vida";"163"
"2019-03-01";"Sexologia Forense";"149"
"2019-03-01";"Documentoscopia";"133"
"2019-03-01";"Toxicologia Forense";"127"
"2019-03-01";"Engenharia Forense";"80"
"2019-03-01";"Perícias papiloscópicas";"73"
"2019-03-01";"Perícias ambientais";"60"
"2019-03-01";"Vestígios Biológicos";"29"
"2019-03-01";"Anatomopatologia Forense";"21"
"2019-03-01";"Bioquímica Forense";"18"
"2019-03-01";"Merceologia";"17"
"2019-03-01";"Áudio e Imagem";"15"
"2019-03-01";"Contabilidade Forense";"1"
"2019-04-01";"Traumatologia Forense";"1925"
"2019-04-01";"Química Forense";"1889"
"2019-04-01";"Balística";"329"
"2019-04-01";"Identificação de veículos";"325"
"2019-04-01";"Informática Forense";"302"
"2019-04-01";"Tanatologia Forense";"294"
"2019-04-01";"Local de crime contra o patrimônio";"243"
"2019-04-01";"Toxicologia Forense";"155"
"2019-04-01";"Vestígios Biológicos";"155"
"2019-04-01";"Local de crime contra a vida";"154"
"2019-04-01";"Sexologia Forense";"146"
"2019-04-01";"Documentoscopia";"99"
"2019-04-01";"Perícias papiloscópicas";"80"
"2019-04-01";"Engenharia Forense";"61"
"2019-04-01";"Perícias ambientais";"49"
"2019-04-01";"Bioquímica Forense";"20"
"2019-04-01";"Merceologia";"12"
"2019-04-01";"Áudio e Imagem";"7"
"2019-04-01";"Anatomopatologia Forense";"2"
"2019-04-01";"Contabilidade Forense";"1"
"2019-05-01";"Traumatologia Forense";"2236"
"2019-05-01";"Química Forense";"1845"
"2019-05-01";"Toxicologia Forense";"450"
"2019-05-01";"Informática Forense";"431"
"2019-05-01";"Balística";"408"
"2019-05-01";"Identificação de veículos";"374"
"2019-05-01";"Local de crime contra o patrimônio";"308"
"2019-05-01";"Tanatologia Forense";"279"
"2019-05-01";"Local de crime contra a vida";"191"
"2019-05-01";"Documentoscopia";"170"
"2019-05-01";"Sexologia Forense";"152"
"2019-05-01";"Engenharia Forense";"95"
"2019-05-01";"Perícias ambientais";"91"
"2019-05-01";"Vestígios Biológicos";"74"
"2019-05-01";"Perícias papiloscópicas";"58"
"2019-05-01";"Áudio e Imagem";"14"
"2019-05-01";"Bioquímica Forense";"12"
"2019-05-01";"Merceologia";"11"
"2019-05-01";"Anatomopatologia Forense";"2"
"2019-05-01";"Contabilidade Forense";"1"
"2019-06-01";"Traumatologia Forense";"2586"
"2019-06-01";"Química Forense";"948"
"2019-06-01";"Informática Forense";"412"
"2019-06-01";"Tanatologia Forense";"342"
"2019-06-01";"Balística";"309"
"2019-06-01";"Identificação de veículos";"275"
"2019-06-01";"Local de crime contra o patrimônio";"230"
"2019-06-01";"Local de crime contra a vida";"142"
"2019-06-01";"Sexologia Forense";"137"
"2019-06-01";"Documentoscopia";"133"
"2019-06-01";"Toxicologia Forense";"133"
"2019-06-01";"Vestígios Biológicos";"70"
"2019-06-01";"Engenharia Forense";"68"
"2019-06-01";"Perícias ambientais";"48"
"2019-06-01";"Perícias papiloscópicas";"39"
"2019-06-01";"Bioquímica Forense";"10"
"2019-06-01";"Merceologia";"10"
"2019-06-01";"Áudio e Imagem";"7"
"2019-06-01";"Anatomopatologia Forense";"1"
"2019-06-01";"Contabilidade Forense";"1"
"2019-07-01";"Traumatologia Forense";"3191"
"2019-07-01";"Química Forense";"1329"
"2019-07-01";"Balística";"422"
"2019-07-01";"Identificação de veículos";"404"
"2019-07-01";"Informática Forense";"378"
"2019-07-01";"Tanatologia Forense";"321"
"2019-07-01";"Local de crime contra o patrimônio";"314"
"2019-07-01";"Toxicologia Forense";"302"
"2019-07-01";"Sexologia Forense";"210"
"2019-07-01";"Local de crime contra a vida";"161"
"2019-07-01";"Documentoscopia";"136"
"2019-07-01";"Perícias papiloscópicas";"99"
"2019-07-01";"Vestígios Biológicos";"87"
"2019-07-01";"Engenharia Forense";"71"
"2019-07-01";"Perícias ambientais";"64"
"2019-07-01";"Áudio e Imagem";"18"
"2019-07-01";"Merceologia";"15"
"2019-07-01";"Bioquímica Forense";"8"
"2019-07-01";"Anatomopatologia Forense";"3"
"2019-07-01";"Antropologia Forense";"2"
"2019-08-01";"Traumatologia Forense";"3218"
"2019-08-01";"Química Forense";"1371"
"2019-08-01";"Toxicologia Forense";"432"
"2019-08-01";"Balística";"404"
"2019-08-01";"Local de crime contra o patrimônio";"351"
"2019-08-01";"Identificação de veículos";"349"
"2019-08-01";"Tanatologia Forense";"311"
"2019-08-01";"Informática Forense";"307"
"2019-08-01";"Sexologia Forense";"278"
"2019-08-01";"Local de crime contra a vida";"187"
"2019-08-01";"Documentoscopia";"124"
"2019-08-01";"Engenharia Forense";"89"
"2019-08-01";"Vestígios Biológicos";"62"
"2019-08-01";"Perícias papiloscópicas";"58"
"2019-08-01";"Perícias ambientais";"53"
"2019-08-01";"Merceologia";"26"
"2019-08-01";"Bioquímica Forense";"10"
"2019-08-01";"Áudio e Imagem";"7"
"2019-08-01";"Anatomopatologia Forense";"5"
"2019-08-01";"Contabilidade Forense";"1"
"2019-09-01";"Traumatologia Forense";"3312"
"2019-09-01";"Química Forense";"1161"
"2019-09-01";"Toxicologia Forense";"524"
"2019-09-01";"Informática Forense";"495"
"2019-09-01";"Identificação de veículos";"372"
"2019-09-01";"Local de crime contra o patrimônio";"351"
"2019-09-01";"Balística";"339"
"2019-09-01";"Tanatologia Forense";"286"
"2019-09-01";"Sexologia Forense";"256"
"2019-09-01";"Local de crime contra a vida";"176"
"2019-09-01";"Documentoscopia";"141"
"2019-09-01";"Vestígios Biológicos";"116"
"2019-09-01";"Engenharia Forense";"96"
"2019-09-01";"Perícias papiloscópicas";"63"
"2019-09-01";"Perícias ambientais";"48"
"2019-09-01";"Bioquímica Forense";"14"
"2019-09-01";"Merceologia";"14"
"2019-09-01";"Áudio e Imagem";"9"
"2019-09-01";"Anatomopatologia Forense";"3"
"2019-10-01";"Traumatologia Forense";"3580"
"2019-10-01";"Química Forense";"1012"
"2019-10-01";"Informática Forense";"474"
"2019-10-01";"Balística";"380"
"2019-10-01";"Tanatologia Forense";"331"
"2019-10-01";"Local de crime contra o patrimônio";"309"
"2019-10-01";"Sexologia Forense";"306"
"2019-10-01";"Identificação de veículos";"302"
"2019-10-01";"Local de crime contra a vida";"184"
"2019-10-01";"Toxicologia Forense";"132"
"2019-10-01";"Documentoscopia";"130"
"2019-10-01";"Engenharia Forense";"113"
"2019-10-01";"Perícias papiloscópicas";"62"
"2019-10-01";"Perícias ambientais";"44"
"2019-10-01";"Vestígios Biológicos";"40"
"2019-10-01";"Bioquímica Forense";"23"
"2019-10-01";"Merceologia";"14"
"2019-10-01";"Áudio e Imagem";"14"
"2019-10-01";"Anatomopatologia Forense";"8"
"2019-11-01";"Traumatologia Forense";"3493"
"2019-11-01";"Química Forense";"955"
"2019-11-01";"Informática Forense";"418"
"2019-11-01";"Tanatologia Forense";"322"
"2019-11-01";"Sexologia Forense";"284"
"2019-11-01";"Identificação de veículos";"275"
"2019-11-01";"Balística";"265"
"2019-11-01";"Local de crime contra o patrimônio";"223"
"2019-11-01";"Toxicologia Forense";"197"
"2019-11-01";"Local de crime contra a vida";"160"
"2019-11-01";"Documentoscopia";"119"
"2019-11-01";"Engenharia Forense";"57"
"2019-11-01";"Perícias ambientais";"49"
"2019-11-01";"Perícias papiloscópicas";"49"
"2019-11-01";"Vestígios Biológicos";"48"
"2019-11-01";"Merceologia";"29"
"2019-11-01";"Bioquímica Forense";"13"
"2019-11-01";"Áudio e Imagem";"9"
"2019-11-01";"Anatomopatologia Forense";"1"
"2019-12-01";"Traumatologia Forense";"3486"
"2019-12-01";"Química Forense";"921"
"2019-12-01";"Tanatologia Forense";"443"
"2019-12-01";"Informática Forense";"322"
"2019-12-01";"Identificação de veículos";"252"
"2019-12-01";"Sexologia Forense";"237"
"2019-12-01";"Balística";"229"
"2019-12-01";"Local de crime contra o patrimônio";"228"
"2019-12-01";"Local de crime contra a vida";"140"
"2019-12-01";"Documentoscopia";"106"
"2019-12-01";"Vestígios Biológicos";"99"
"2019-12-01";"Toxicologia Forense";"72"
"2019-12-01";"Engenharia Forense";"57"
"2019-12-01";"Perícias ambientais";"46"
"2019-12-01";"Perícias papiloscópicas";"24"
"2019-12-01";"Merceologia";"20"
"2019-12-01";"Bioquímica Forense";"10"
"2019-12-01";"Anatomopatologia Forense";"4"
"2019-12-01";"Áudio e Imagem";"1"
"2020-01-01";"Traumatologia Forense";"4165"
"2020-01-01";"Química Forense";"920"
"2020-01-01";"Informática Forense";"473"
"2020-01-01";"Tanatologia Forense";"441"
"2020-01-01";"Balística";"391"
"2020-01-01";"Identificação de veículos";"385"
"2020-01-01";"Local de crime contra o patrimônio";"308"
"2020-01-01";"Sexologia Forense";"302"
"2020-01-01";"Toxicologia Forense";"295"
"2020-01-01";"Local de crime contra a vida";"207"
"2020-01-01";"Documentoscopia";"164"
"2020-01-01";"Engenharia Forense";"88"
"2020-01-01";"Perícias papiloscópicas";"86"
"2020-01-01";"Vestígios Biológicos";"80"
"2020-01-01";"Perícias ambientais";"52"
"2020-01-01";"Antropologia Forense";"11"
"2020-01-01";"Merceologia";"10"
"2020-01-01";"Bioquímica Forense";"8"
"2020-01-01";"Áudio e Imagem";"7"
"2020-01-01";"Contabilidade Forense";"1"
"2020-02-01";"Traumatologia Forense";"3326"
"2020-02-01";"Química Forense";"1229"
"2020-02-01";"Informática Forense";"466"
"2020-02-01";"Identificação de veículos";"389"
"2020-02-01";"Balística";"373"
"2020-02-01";"Tanatologia Forense";"369"
"2020-02-01";"Toxicologia Forense";"257"
"2020-02-01";"Local de crime contra o patrimônio";"250"
"2020-02-01";"Sexologia Forense";"220"
"2020-02-01";"Documentoscopia";"162"
"2020-02-01";"Local de crime contra a vida";"157"
"2020-02-01";"Vestígios Biológicos";"156"
"2020-02-01";"Perícias ambientais";"96"
"2020-02-01";"Engenharia Forense";"94"
"2020-02-01";"Perícias papiloscópicas";"65"
"2020-02-01";"Merceologia";"17"
"2020-02-01";"Áudio e Imagem";"12"
"2020-02-01";"Bioquímica Forense";"11"
"2020-02-01";"Odontologia Forense";"9"
"2020-02-01";"Anatomopatologia Forense";"2"
"2020-02-01";"Antropologia Forense";"2"
"2020-03-01";"Traumatologia Forense";"2842"
"2020-03-01";"Química Forense";"965"
"2020-03-01";"Informática Forense";"439"
"2020-03-01";"Tanatologia Forense";"385"
"2020-03-01";"Identificação de veículos";"327"
"2020-03-01";"Local de crime contra o patrimônio";"310"
"2020-03-01";"Balística";"297"
"2020-03-01";"Local de crime contra a vida";"201"
"2020-03-01";"Sexologia Forense";"187"
"2020-03-01";"Toxicologia Forense";"169"
"2020-03-01";"Vestígios Biológicos";"144"
"2020-03-01";"Documentoscopia";"104"
"2020-03-01";"Perícias ambientais";"83"
"2020-03-01";"Engenharia Forense";"80"
"2020-03-01";"Perícias papiloscópicas";"73"
"2020-03-01";"Merceologia";"20"
"2020-03-01";"Áudio e Imagem";"17"
"2020-03-01";"Bioquímica Forense";"14"
"2020-03-01";"Odontologia Forense";"14"
"2020-03-01";"Antropologia Forense";"1"
"2020-04-01";"Traumatologia Forense";"1836"
"2020-04-01";"Química Forense";"970"
"2020-04-01";"Balística";"416"
"2020-04-01";"Informática Forense";"389"
"2020-04-01";"Tanatologia Forense";"381"
"2020-04-01";"Toxicologia Forense";"337"
"2020-04-01";"Local de crime contra o patrimônio";"293"
"2020-04-01";"Identificação de veículos";"281"
"2020-04-01";"Local de crime contra a vida";"240"
"2020-04-01";"Documentoscopia";"147"
"2020-04-01";"Vestígios Biológicos";"146"
"2020-04-01";"Sexologia Forense";"142"
"2020-04-01";"Engenharia Forense";"99"
"2020-04-01";"Perícias ambientais";"72"
"2020-04-01";"Perícias papiloscópicas";"64"
"2020-04-01";"Bioquímica Forense";"23"
"2020-04-01";"Áudio e Imagem";"15"
"2020-04-01";"Antropologia Forense";"9"
"2020-04-01";"Merceologia";"9"
"2020-04-01";"Odontologia Forense";"6"
"2020-05-01";"Traumatologia Forense";"2621"
"2020-05-01";"Química Forense";"1304"
"2020-05-01";"Informática Forense";"515"
"2020-05-01";"Balística";"477"
"2020-05-01";"Tanatologia Forense";"443"
"2020-05-01";"Toxicologia Forense";"402"
"2020-05-01";"Identificação de veículos";"358"
"2020-05-01";"Local de crime contra o patrimônio";"315"
"2020-05-01";"Sexologia Forense";"230"
"2020-05-01";"Local de crime contra a vida";"220"
"2020-05-01";"Vestígios Biológicos";"176"
"2020-05-01";"Documentoscopia";"157"
"2020-05-01";"Engenharia Forense";"85"
"2020-05-01";"Perícias ambientais";"76"
"2020-05-01";"Perícias papiloscópicas";"73"
"2020-05-01";"Áudio e Imagem";"23"
"2020-05-01";"Merceologia";"20"
"2020-05-01";"Bioquímica Forense";"10"
"2020-05-01";"Odontologia Forense";"5"
"2020-05-01";"Antropologia Forense";"2"
"2020-05-01";"Anatomopatologia Forense";"1"
"2020-06-01";"Traumatologia Forense";"2385"
"2020-06-01";"Química Forense";"1471"
"2020-06-01";"Toxicologia Forense";"629"
"2020-06-01";"Informática Forense";"543"
"2020-06-01";"Balística";"377"
"2020-06-01";"Local de crime contra o patrimônio";"340"
"2020-06-01";"Identificação de veículos";"339"
"2020-06-01";"Tanatologia Forense";"334"
"2020-06-01";"Sexologia Forense";"245"
"2020-06-01";"Local de crime contra a vida";"174"
"2020-06-01";"Vestígios Biológicos";"144"
"2020-06-01";"Documentoscopia";"116"
"2020-06-01";"Perícias ambientais";"106"
"2020-06-01";"Engenharia Forense";"92"
"2020-06-01";"Perícias papiloscópicas";"73"
"2020-06-01";"Merceologia";"28"
"2020-06-01";"Áudio e Imagem";"18"
"2020-06-01";"Bioquímica Forense";"9"
"2020-06-01";"Odontologia Forense";"8"
"2020-06-01";"Antropologia Forense";"3"
"2020-06-01";"Contabilidade Forense";"1"
"2020-07-01";"Traumatologia Forense";"2537"
"2020-07-01";"Química Forense";"940"
"2020-07-01";"Informática Forense";"595"
"2020-07-01";"Identificação de veículos";"398"
"2020-07-01";"Tanatologia Forense";"398"
"2020-07-01";"Balística";"370"
"2020-07-01";"Local de crime contra o patrimônio";"319"
"2020-07-01";"Sexologia Forense";"223"
"2020-07-01";"Toxicologia Forense";"218"
"2020-07-01";"Documentoscopia";"199"
"2020-07-01";"Local de crime contra a vida";"160"
"2020-07-01";"Perícias ambientais";"111"
"2020-07-01";"Perícias papiloscópicas";"94"
"2020-07-01";"Engenharia Forense";"87"
"2020-07-01";"Vestígios Biológicos";"80"
"2020-07-01";"Merceologia";"31"
"2020-07-01";"Áudio e Imagem";"31"
"2020-07-01";"Odontologia Forense";"7"
"2020-07-01";"Bioquímica Forense";"3"
"2020-07-01";"Antropologia Forense";"2"
"2020-07-01";"Anatomopatologia Forense";"1"
"2020-07-01";"Contabilidade Forense";"1"
"2020-08-01";"Traumatologia Forense";"3440"
"2020-08-01";"Química Forense";"1017"
"2020-08-01";"Informática Forense";"560"
"2020-08-01";"Tanatologia Forense";"463"
"2020-08-01";"Local de crime contra o patrimônio";"349"
"2020-08-01";"Identificação de veículos";"333"
"2020-08-01";"Sexologia Forense";"328"
"2020-08-01";"Balística";"304"
"2020-08-01";"Toxicologia Forense";"238"
"2020-08-01";"Local de crime contra a vida";"199"
"2020-08-01";"Perícias ambientais";"122"
"2020-08-01";"Documentoscopia";"117"
"2020-08-01";"Vestígios Biológicos";"95"
"2020-08-01";"Engenharia Forense";"82"
"2020-08-01";"Perícias papiloscópicas";"62"
"2020-08-01";"Merceologia";"24"
"2020-08-01";"Bioquímica Forense";"15"
"2020-08-01";"Áudio e Imagem";"12"
"2020-08-01";"Odontologia Forense";"7"
"2020-08-01";"Antropologia Forense";"2"
"2020-09-01";"Traumatologia Forense";"2823"
"2020-09-01";"Química Forense";"1079"
"2020-09-01";"Informática Forense";"475"
"2020-09-01";"Identificação de veículos";"356"
"2020-09-01";"Balística";"354"
"2020-09-01";"Local de crime contra o patrimônio";"335"
"2020-09-01";"Tanatologia Forense";"334"
"2020-09-01";"Toxicologia Forense";"287"
"2020-09-01";"Sexologia Forense";"252"
"2020-09-01";"Local de crime contra a vida";"196"
"2020-09-01";"Documentoscopia";"125"
"2020-09-01";"Perícias ambientais";"112"
"2020-09-01";"Vestígios Biológicos";"109"
"2020-09-01";"Engenharia Forense";"92"
"2020-09-01";"Perícias papiloscópicas";"85"
"2020-09-01";"Bioquímica Forense";"32"
"2020-09-01";"Áudio e Imagem";"21"
"2020-09-01";"Merceologia";"12"
"2020-09-01";"Odontologia Forense";"8"
"2020-09-01";"Antropologia Forense";"2"
"2020-09-01";"Contabilidade Forense";"1"
"2020-09-01";"Psiquiatria Forense";"1"
"2020-10-01";"Traumatologia Forense";"3121"
"2020-10-01";"Química Forense";"959"
"2020-10-01";"Informática Forense";"528"
"2020-10-01";"Tanatologia Forense";"385"
"2020-10-01";"Balística";"347"
"2020-10-01";"Identificação de veículos";"346"
"2020-10-01";"Local de crime contra o patrimônio";"299"
"2020-10-01";"Sexologia Forense";"256"
"2020-10-01";"Toxicologia Forense";"189"
"2020-10-01";"Local de crime contra a vida";"185"
"2020-10-01";"Vestígios Biológicos";"135"
"2020-10-01";"Documentoscopia";"133"
"2020-10-01";"Perícias ambientais";"114"
"2020-10-01";"Engenharia Forense";"78"
"2020-10-01";"Perícias papiloscópicas";"68"
"2020-10-01";"Bioquímica Forense";"39"
"2020-10-01";"Áudio e Imagem";"16"
"2020-10-01";"Merceologia";"12"
"2020-10-01";"Antropologia Forense";"1"
"2020-10-01";"Psiquiatria Forense";"1"
"2020-11-01";"Traumatologia Forense";"3369"
"2020-11-01";"Química Forense";"980"
"2020-11-01";"Informática Forense";"548"
"2020-11-01";"Tanatologia Forense";"412"
"2020-11-01";"Toxicologia Forense";"364"
"2020-11-01";"Identificação de veículos";"303"
"2020-11-01";"Local de crime contra o patrimônio";"300"
"2020-11-01";"Sexologia Forense";"289"
"2020-11-01";"Balística";"261"
"2020-11-01";"Local de crime contra a vida";"167"
"2020-11-01";"Documentoscopia";"144"
"2020-11-01";"Vestígios Biológicos";"99"
"2020-11-01";"Engenharia Forense";"78"
"2020-11-01";"Perícias ambientais";"68"
"2020-11-01";"Perícias papiloscópicas";"59"
"2020-11-01";"Bioquímica Forense";"30"
"2020-11-01";"Áudio e Imagem";"18"
"2020-11-01";"Merceologia";"10"
"2020-11-01";"Anatomopatologia Forense";"2"
"2020-11-01";"Contabilidade Forense";"1"
"2020-11-01";"Psiquiatria Forense";"1"
"2020-12-01";"Traumatologia Forense";"3088"
"2020-12-01";"Química Forense";"1026"
"2020-12-01";"Informática Forense";"500"
"2020-12-01";"Tanatologia Forense";"436"
"2020-12-01";"Balística";"322"
"2020-12-01";"Local de crime contra o patrimônio";"319"
"2020-12-01";"Identificação de veículos";"276"
"2020-12-01";"Sexologia Forense";"239"
"2020-12-01";"Toxicologia Forense";"224"
"2020-12-01";"Local de crime contra a vida";"159"
"2020-12-01";"Perícias ambientais";"102"
"2020-12-01";"Perícias papiloscópicas";"93"
"2020-12-01";"Documentoscopia";"82"
"2020-12-01";"Engenharia Forense";"68"
"2020-12-01";"Bioquímica Forense";"41"
"2020-12-01";"Vestígios Biológicos";"41"
"2020-12-01";"Áudio e Imagem";"13"
"2020-12-01";"Merceologia";"10"
"2020-12-01";"Anatomopatologia Forense";"7"
"2020-12-01";"Odontologia Forense";"5"
"2020-12-01";"Antropologia Forense";"4"
"2021-01-01";"Traumatologia Forense";"3430"
"2021-01-01";"Química Forense";"847"
"2021-01-01";"Informática Forense";"429"
"2021-01-01";"Tanatologia Forense";"420"
"2021-01-01";"Balística";"367"
"2021-01-01";"Toxicologia Forense";"315"
"2021-01-01";"Local de crime contra o patrimônio";"294"
"2021-01-01";"Sexologia Forense";"261"
"2021-01-01";"Identificação de veículos";"248"
"2021-01-01";"Local de crime contra a vida";"184"
"2021-01-01";"Vestígios Biológicos";"103"
"2021-01-01";"Perícias papiloscópicas";"92"
"2021-01-01";"Perícias ambientais";"65"
"2021-01-01";"Documentoscopia";"63"
"2021-01-01";"Engenharia Forense";"49"
"2021-01-01";"Bioquímica Forense";"29"
"2021-01-01";"Áudio e Imagem";"9"
"2021-01-01";"Odontologia Forense";"5"
"2021-01-01";"Merceologia";"4"
"2021-01-01";"Anatomopatologia Forense";"1"
"2021-01-01";"Contabilidade Forense";"1"
"2021-02-01";"Traumatologia Forense";"3289"
"2021-02-01";"Química Forense";"1101"
"2021-02-01";"Informática Forense";"584"
"2021-02-01";"Toxicologia Forense";"464"
"2021-02-01";"Tanatologia Forense";"407"
"2021-02-01";"Balística";"363"
"2021-02-01";"Identificação de veículos";"323"
"2021-02-01";"Sexologia Forense";"287"
"2021-02-01";"Local de crime contra o patrimônio";"258"
"2021-02-01";"Local de crime contra a vida";"180"
"2021-02-01";"Perícias papiloscópicas";"136"
"2021-02-01";"Documentoscopia";"118"
"2021-02-01";"Vestígios Biológicos";"95"
"2021-02-01";"Perícias ambientais";"88"
"2021-02-01";"Engenharia Forense";"78"
"2021-02-01";"Bioquímica Forense";"45"
"2021-02-01";"Áudio e Imagem";"14"
"2021-02-01";"Anatomopatologia Forense";"9"
"2021-02-01";"Merceologia";"6"
"2021-02-01";"Odontologia Forense";"6"
"2021-02-01";"Antropologia Forense";"1"
"2021-02-01";"Psiquiatria Forense";"1"
"2021-03-01";"Traumatologia Forense";"3607"
"2021-03-01";"Química Forense";"1346"
"2021-03-01";"Informática Forense";"559"
"2021-03-01";"Tanatologia Forense";"441"
"2021-03-01";"Balística";"409"
"2021-03-01";"Toxicologia Forense";"367"
"2021-03-01";"Identificação de veículos";"312"
"2021-03-01";"Local de crime contra o patrimônio";"308"
"2021-03-01";"Sexologia Forense";"277"
"2021-03-01";"Local de crime contra a vida";"177"
"2021-03-01";"Documentoscopia";"139"
"2021-03-01";"Perícias papiloscópicas";"137"
"2021-03-01";"Perícias ambientais";"104"
"2021-03-01";"Vestígios Biológicos";"74"
"2021-03-01";"Engenharia Forense";"69"
"2021-03-01";"Áudio e Imagem";"34"
"2021-03-01";"Bioquímica Forense";"29"
"2021-03-01";"Merceologia";"11"
"2021-03-01";"Anatomopatologia Forense";"7"
"2021-03-01";"Odontologia Forense";"5"
"2021-03-01";"Antropologia Forense";"2"
"2021-04-01";"Traumatologia Forense";"3327"
"2021-04-01";"Química Forense";"1279"
"2021-04-01";"Informática Forense";"523"
"2021-04-01";"Identificação de veículos";"388"
"2021-04-01";"Tanatologia Forense";"376"
"2021-04-01";"Balística";"318"
"2021-04-01";"Local de crime contra o patrimônio";"281"
"2021-04-01";"Sexologia Forense";"280"
"2021-04-01";"Local de crime contra a vida";"203"
"2021-04-01";"Documentoscopia";"124"
"2021-04-01";"Toxicologia Forense";"114"
"2021-04-01";"Perícias papiloscópicas";"112"
"2021-04-01";"Perícias ambientais";"90"
"2021-04-01";"Vestígios Biológicos";"74"
"2021-04-01";"Engenharia Forense";"67"
"2021-04-01";"Bioquímica Forense";"33"
"2021-04-01";"Anatomopatologia Forense";"14"
"2021-04-01";"Áudio e Imagem";"12"
"2021-04-01";"Merceologia";"10"
"2021-04-01";"Odontologia Forense";"9"
"2021-04-01";"Antropologia Forense";"1"
"2021-04-01";"Psiquiatria Forense";"1"
"2021-05-01";"Traumatologia Forense";"3170"
"2021-05-01";"Química Forense";"1248"
"2021-05-01";"Informática Forense";"581"
"2021-05-01";"Identificação de veículos";"379"
"2021-05-01";"Balística";"358"
"2021-05-01";"Tanatologia Forense";"338"
"2021-05-01";"Local de crime contra o patrimônio";"336"
"2021-05-01";"Sexologia Forense";"264"
"2021-05-01";"Local de crime contra a vida";"192"
"2021-05-01";"Vestígios Biológicos";"143"
"2021-05-01";"Perícias ambientais";"121"
"2021-05-01";"Perícias papiloscópicas";"112"
"2021-05-01";"Documentoscopia";"108"
"2021-05-01";"Engenharia Forense";"89"
"2021-05-01";"Bioquímica Forense";"36"
"2021-05-01";"Áudio e Imagem";"12"
"2021-05-01";"Merceologia";"9"
"2021-05-01";"Odontologia Forense";"7"
"2021-05-01";"Toxicologia Forense";"7"
"2021-05-01";"Anatomopatologia Forense";"2"
"2021-05-01";"Contabilidade Forense";"2"
"2021-05-01";"Antropologia Forense";"1"
"2021-06-01";"Traumatologia Forense";"2998"
"2021-06-01";"Química Forense";"1058"
"2021-06-01";"Informática Forense";"646"
"2021-06-01";"Balística";"427"
"2021-06-01";"Identificação de veículos";"387"
"2021-06-01";"Tanatologia Forense";"373"
"2021-06-01";"Local de crime contra o patrimônio";"289"
"2021-06-01";"Sexologia Forense";"271"
"2021-06-01";"Toxicologia Forense";"216"
"2021-06-01";"Local de crime contra a vida";"193"
"2021-06-01";"Perícias papiloscópicas";"135"
"2021-06-01";"Vestígios Biológicos";"129"
"2021-06-01";"Documentoscopia";"113"
"2021-06-01";"Perícias ambientais";"104"
"2021-06-01";"Engenharia Forense";"81"
"2021-06-01";"Bioquímica Forense";"43"
"2021-06-01";"Anatomopatologia Forense";"24"
"2021-06-01";"Áudio e Imagem";"22"
"2021-06-01";"Merceologia";"15"
"2021-06-01";"Odontologia Forense";"4"
"2021-06-01";"Antropologia Forense";"3"
"2021-07-01";"Traumatologia Forense";"3782"
"2021-07-01";"Química Forense";"1238"
"2021-07-01";"Informática Forense";"698"
"2021-07-01";"Balística";"550"
"2021-07-01";"Tanatologia Forense";"495"
"2021-07-01";"Identificação de veículos";"426"
"2021-07-01";"Local de crime contra o patrimônio";"351"
"2021-07-01";"Sexologia Forense";"323"
"2021-07-01";"Local de crime contra a vida";"201"
"2021-07-01";"Perícias papiloscópicas";"153"
"2021-07-01";"Vestígios Biológicos";"148"
"2021-07-01";"Documentoscopia";"126"
"2021-07-01";"Perícias ambientais";"118"
"2021-07-01";"Engenharia Forense";"96"
"2021-07-01";"Toxicologia Forense";"95"
"2021-07-01";"Anatomopatologia Forense";"43"
"2021-07-01";"Bioquímica Forense";"31"
"2021-07-01";"Merceologia";"24"
"2021-07-01";"Áudio e Imagem";"18"
"2021-07-01";"Psiquiatria Forense";"2"
"2021-07-01";"Antropologia Forense";"1"
"2021-07-01";"Odontologia Forense";"1"
"2021-08-01";"Traumatologia Forense";"4620"
"2021-08-01";"Química Forense";"1006"
"2021-08-01";"Informática Forense";"750"
"2021-08-01";"Balística";"464"
"2021-08-01";"Tanatologia Forense";"441"
"2021-08-01";"Identificação de veículos";"400"
"2021-08-01";"Sexologia Forense";"352"
"2021-08-01";"Local de crime contra o patrimônio";"286"
"2021-08-01";"Local de crime contra a vida";"188"
"2021-08-01";"Perícias papiloscópicas";"163"
"2021-08-01";"Vestígios Biológicos";"146"
"2021-08-01";"Documentoscopia";"130"
"2021-08-01";"Perícias ambientais";"105"
"2021-08-01";"Engenharia Forense";"101"
"2021-08-01";"Bioquímica Forense";"50"
"2021-08-01";"Áudio e Imagem";"22"
"2021-08-01";"Anatomopatologia Forense";"15"
"2021-08-01";"Merceologia";"11"
"2021-08-01";"Odontologia Forense";"10"
"2021-08-01";"Antropologia Forense";"2"
"2021-08-01";"Psiquiatria Forense";"1"
"2021-08-01";"Toxicologia Forense";"1"
"2021-09-01";"Traumatologia Forense";"4410"
"2021-09-01";"Química Forense";"913"
"2021-09-01";"Toxicologia Forense";"830"
"2021-09-01";"Informática Forense";"684"
"2021-09-01";"Tanatologia Forense";"384"
"2021-09-01";"Local de crime contra o patrimônio";"369"
"2021-09-01";"Identificação de veículos";"352"
"2021-09-01";"Balística";"344"
"2021-09-01";"Sexologia Forense";"297"
"2021-09-01";"Local de crime contra a vida";"208"
"2021-09-01";"Perícias papiloscópicas";"158"
"2021-09-01";"Documentoscopia";"145"
"2021-09-01";"Vestígios Biológicos";"109"
"2021-09-01";"Perícias ambientais";"88"
"2021-09-01";"Engenharia Forense";"86"
"2021-09-01";"Bioquímica Forense";"39"
"2021-09-01";"Anatomopatologia Forense";"36"
"2021-09-01";"Áudio e Imagem";"20"
"2021-09-01";"Merceologia";"13"
"2021-09-01";"Odontologia Forense";"11"
"2021-09-01";"Antropologia Forense";"3"
"2021-09-01";"Contabilidade Forense";"1"
"2021-10-01";"Traumatologia Forense";"4025"
"2021-10-01";"Química Forense";"948"
"2021-10-01";"Informática Forense";"603"
"2021-10-01";"Toxicologia Forense";"537"
"2021-10-01";"Identificação de veículos";"359"
"2021-10-01";"Tanatologia Forense";"352"
"2021-10-01";"Local de crime contra o patrimônio";"336"
"2021-10-01";"Sexologia Forense";"323"
"2021-10-01";"Balística";"306"
"2021-10-01";"Local de crime contra a vida";"200"
"2021-10-01";"Perícias papiloscópicas";"164"
"2021-10-01";"Vestígios Biológicos";"105"
"2021-10-01";"Perícias ambientais";"91"
"2021-10-01";"Engenharia Forense";"90"
"2021-10-01";"Documentoscopia";"77"
"2021-10-01";"Bioquímica Forense";"34"
"2021-10-01";"Áudio e Imagem";"15"
"2021-10-01";"Merceologia";"12"
"2021-10-01";"Antropologia Forense";"3"
"2021-10-01";"Odontologia Forense";"3"
"2021-10-01";"Anatomopatologia Forense";"2"
"2021-10-01";"Psiquiatria Forense";"2"
"2021-11-01";"Traumatologia Forense";"4011"
"2021-11-01";"Química Forense";"766"
"2021-11-01";"Informática Forense";"537"
"2021-11-01";"Tanatologia Forense";"356"
"2021-11-01";"Balística";"313"
"2021-11-01";"Sexologia Forense";"295"
"2021-11-01";"Identificação de veículos";"290"
"2021-11-01";"Local de crime contra o patrimônio";"260"
"2021-11-01";"Local de crime contra a vida";"189"
"2021-11-01";"Perícias papiloscópicas";"119"
"2021-11-01";"Documentoscopia";"93"
"2021-11-01";"Toxicologia Forense";"92"
"2021-11-01";"Perícias ambientais";"91"
"2021-11-01";"Vestígios Biológicos";"80"
"2021-11-01";"Engenharia Forense";"76"
"2021-11-01";"Bioquímica Forense";"40"
"2021-11-01";"Áudio e Imagem";"24"
"2021-11-01";"Anatomopatologia Forense";"10"
"2021-11-01";"Odontologia Forense";"9"
"2021-11-01";"Merceologia";"4"
"2021-11-01";"Antropologia Forense";"1"
"2021-12-01";"Traumatologia Forense";"4242"
"2021-12-01";"Química Forense";"929"
"2021-12-01";"Informática Forense";"552"
"2021-12-01";"Toxicologia Forense";"451"
"2021-12-01";"Tanatologia Forense";"443"
"2021-12-01";"Balística";"351"
"2021-12-01";"Local de crime contra o patrimônio";"348"
"2021-12-01";"Sexologia Forense";"297"
"2021-12-01";"Identificação de veículos";"293"
"2021-12-01";"Local de crime contra a vida";"191"
"2021-12-01";"Perícias papiloscópicas";"138"
"2021-12-01";"Vestígios Biológicos";"130"
"2021-12-01";"Engenharia Forense";"109"
"2021-12-01";"Perícias ambientais";"91"
"2021-12-01";"Documentoscopia";"76"
"2021-12-01";"Bioquímica Forense";"26"
"2021-12-01";"Áudio e Imagem";"25"
"2021-12-01";"Odontologia Forense";"16"
"2021-12-01";"Merceologia";"5"
"2021-12-01";"Anatomopatologia Forense";"2"
"2021-12-01";"Antropologia Forense";"2"
"2021-12-01";"Entomologia Forense";"2"
"2021-12-01";"Contabilidade Forense";"1"
"2021-12-01";"Psiquiatria Forense";"1"
"2022-01-01";"Traumatologia Forense";"4679"
"2022-01-01";"Química Forense";"959"
"2022-01-01";"Toxicologia Forense";"536"
"2022-01-01";"Informática Forense";"506"
"2022-01-01";"Tanatologia Forense";"471"
"2022-01-01";"Balística";"318"
"2022-01-01";"Identificação de veículos";"290"
"2022-01-01";"Local de crime contra o patrimônio";"278"
"2022-01-01";"Sexologia Forense";"252"
"2022-01-01";"Vestígios Biológicos";"212"
"2022-01-01";"Local de crime contra a vida";"206"
"2022-01-01";"Perícias papiloscópicas";"104"
"2022-01-01";"Perícias ambientais";"73"
"2022-01-01";"Engenharia Forense";"71"
"2022-01-01";"Documentoscopia";"59"
"2022-01-01";"Áudio e Imagem";"16"
"2022-01-01";"Bioquímica Forense";"12"
"2022-01-01";"Odontologia Forense";"12"
"2022-01-01";"Antropologia Forense";"4"
"2022-01-01";"Merceologia";"4"
"2022-01-01";"Contabilidade Forense";"2"
"2022-01-01";"Anatomopatologia Forense";"1"
"2022-02-01";"Traumatologia Forense";"5277"
"2022-02-01";"Química Forense";"1057"
"2022-02-01";"Informática Forense";"668"
"2022-02-01";"Tanatologia Forense";"349"
"2022-02-01";"Local de crime contra o patrimônio";"326"
"2022-02-01";"Balística";"301"
"2022-02-01";"Sexologia Forense";"253"
"2022-02-01";"Toxicologia Forense";"252"
"2022-02-01";"Identificação de veículos";"242"
"2022-02-01";"Local de crime contra a vida";"186"
"2022-02-01";"Perícias papiloscópicas";"130"
"2022-02-01";"Vestígios Biológicos";"97"
"2022-02-01";"Engenharia Forense";"92"
"2022-02-01";"Perícias ambientais";"71"
"2022-02-01";"Documentoscopia";"65"
"2022-02-01";"Bioquímica Forense";"22"
"2022-02-01";"Áudio e Imagem";"14"
"2022-02-01";"Anatomopatologia Forense";"9"
"2022-02-01";"Odontologia Forense";"8"
"2022-02-01";"Merceologia";"6"
"2022-02-01";"Entomologia Forense";"3"
"2022-02-01";"Antropologia Forense";"1"
"2022-03-01";"Traumatologia Forense";"6143"
"2022-03-01";"Química Forense";"1075"
"2022-03-01";"Informática Forense";"680"
"2022-03-01";"Tanatologia Forense";"464"
"2022-03-01";"Toxicologia Forense";"446"
"2022-03-01";"Balística";"360"
"2022-03-01";"Identificação de veículos";"343"
"2022-03-01";"Local de crime contra o patrimônio";"332"
"2022-03-01";"Sexologia Forense";"322"
"2022-03-01";"Local de crime contra a vida";"167"
"2022-03-01";"Perícias papiloscópicas";"140"
"2022-03-01";"Engenharia Forense";"103"
"2022-03-01";"Vestígios Biológicos";"103"
"2022-03-01";"Perícias ambientais";"87"
"2022-03-01";"Documentoscopia";"76"
"2022-03-01";"Bioquímica Forense";"35"
"2022-03-01";"Áudio e Imagem";"15"
"2022-03-01";"Anatomopatologia Forense";"7"
"2022-03-01";"Entomologia Forense";"5"
"2022-03-01";"Odontologia Forense";"5"
"2022-03-01";"Merceologia";"4"
"2022-03-01";"Antropologia Forense";"3"
"2022-04-01";"Traumatologia Forense";"5216"
"2022-04-01";"Química Forense";"1017"
"2022-04-01";"Informática Forense";"544"
"2022-04-01";"Tanatologia Forense";"430"
"2022-04-01";"Local de crime contra o patrimônio";"354"
"2022-04-01";"Identificação de veículos";"349"
"2022-04-01";"Balística";"328"
"2022-04-01";"Sexologia Forense";"243"
"2022-04-01";"Toxicologia Forense";"194"
"2022-04-01";"Local de crime contra a vida";"186"
"2022-04-01";"Perícias papiloscópicas";"117"
"2022-04-01";"Engenharia Forense";"95"
"2022-04-01";"Perícias ambientais";"74"
"2022-04-01";"Documentoscopia";"72"
"2022-04-01";"Vestígios Biológicos";"38"
"2022-04-01";"Bioquímica Forense";"18"
"2022-04-01";"Áudio e Imagem";"15"
"2022-04-01";"Odontologia Forense";"10"
"2022-04-01";"Merceologia";"3"
"2022-04-01";"Anatomopatologia Forense";"2"
"2022-04-01";"Contabilidade Forense";"1"
"2022-04-01";"Psiquiatria Forense";"1"
"2022-05-01";"Traumatologia Forense";"5382"
"2022-05-01";"Química Forense";"1202"
"2022-05-01";"Informática Forense";"647"
"2022-05-01";"Tanatologia Forense";"442"
"2022-05-01";"Balística";"383"
"2022-05-01";"Local de crime contra o patrimônio";"351"
"2022-05-01";"Identificação de veículos";"342"
"2022-05-01";"Sexologia Forense";"329"
"2022-05-01";"Toxicologia Forense";"299"
"2022-05-01";"Local de crime contra a vida";"209"
"2022-05-01";"Perícias papiloscópicas";"175"
"2022-05-01";"Engenharia Forense";"113"
"2022-05-01";"Documentoscopia";"78"
"2022-05-01";"Vestígios Biológicos";"77"
"2022-05-01";"Perícias ambientais";"68"
"2022-05-01";"Áudio e Imagem";"18"
"2022-05-01";"Bioquímica Forense";"16"
"2022-05-01";"Merceologia";"16"
"2022-05-01";"Anatomopatologia Forense";"10"
"2022-05-01";"Entomologia Forense";"2"
"2022-06-01";"Traumatologia Forense";"4857"
"2022-06-01";"Química Forense";"1121"
"2022-06-01";"Informática Forense";"503"
"2022-06-01";"Tanatologia Forense";"388"
"2022-06-01";"Balística";"337"
"2022-06-01";"Local de crime contra o patrimônio";"318"
"2022-06-01";"Identificação de veículos";"308"
"2022-06-01";"Sexologia Forense";"283"
"2022-06-01";"Toxicologia Forense";"184"
"2022-06-01";"Local de crime contra a vida";"161"
"2022-06-01";"Perícias papiloscópicas";"154"
"2022-06-01";"Engenharia Forense";"89"
"2022-06-01";"Documentoscopia";"86"
"2022-06-01";"Perícias ambientais";"68"
"2022-06-01";"Vestígios Biológicos";"48"
"2022-06-01";"Bioquímica Forense";"19"
"2022-06-01";"Áudio e Imagem";"19"
"2022-06-01";"Anatomopatologia Forense";"14"
"2022-06-01";"Merceologia";"7"
"2022-06-01";"Odontologia Forense";"4"
"2022-06-01";"Psiquiatria Forense";"2"
"2022-06-01";"Antropologia Forense";"1"
"2022-07-01";"Traumatologia Forense";"5394"
"2022-07-01";"Química Forense";"1034"
"2022-07-01";"Tanatologia Forense";"441"
"2022-07-01";"Informática Forense";"434"
"2022-07-01";"Local de crime contra o patrimônio";"404"
"2022-07-01";"Balística";"363"
"2022-07-01";"Identificação de veículos";"322"
"2022-07-01";"Sexologia Forense";"289"
"2022-07-01";"Local de crime contra a vida";"192"
"2022-07-01";"Perícias papiloscópicas";"137"
"2022-07-01";"Engenharia Forense";"127"
"2022-07-01";"Perícias ambientais";"95"
"2022-07-01";"Vestígios Biológicos";"83"
"2022-07-01";"Documentoscopia";"59"
"2022-07-01";"Toxicologia Forense";"29"
"2022-07-01";"Áudio e Imagem";"15"
"2022-07-01";"Anatomopatologia Forense";"13"
"2022-07-01";"Odontologia Forense";"10"
"2022-07-01";"Merceologia";"9"
"2022-07-01";"Bioquímica Forense";"7"
"2022-07-01";"Antropologia Forense";"2"
"2022-07-01";"Entomologia Forense";"2"
"2022-07-01";"Psiquiatria Forense";"1"
"2022-08-01";"Traumatologia Forense";"5488"
"2022-08-01";"Química Forense";"1111"
"2022-08-01";"Informática Forense";"618"
"2022-08-01";"Tanatologia Forense";"474"
"2022-08-01";"Identificação de veículos";"425"
"2022-08-01";"Local de crime contra o patrimônio";"399"
"2022-08-01";"Balística";"326"
"2022-08-01";"Sexologia Forense";"270"
"2022-08-01";"Local de crime contra a vida";"228"
"2022-08-01";"Engenharia Forense";"128"
"2022-08-01";"Perícias papiloscópicas";"125"
"2022-08-01";"Perícias ambientais";"99"
"2022-08-01";"Documentoscopia";"70"
"2022-08-01";"Vestígios Biológicos";"35"
"2022-08-01";"Bioquímica Forense";"30"
"2022-08-01";"Áudio e Imagem";"12"
"2022-08-01";"Anatomopatologia Forense";"9"
"2022-08-01";"Odontologia Forense";"7"
"2022-08-01";"Antropologia Forense";"4"
"2022-08-01";"Toxicologia Forense";"4"
"2022-08-01";"Merceologia";"3"
"2022-08-01";"Entomologia Forense";"1"
"2022-08-01";"Psiquiatria Forense";"1"
"2022-09-01";"Traumatologia Forense";"5251"
"2022-09-01";"Química Forense";"1095"
"2022-09-01";"Informática Forense";"618"
"2022-09-01";"Tanatologia Forense";"396"
"2022-09-01";"Local de crime contra o patrimônio";"374"
"2022-09-01";"Toxicologia Forense";"370"
"2022-09-01";"Balística";"333"
"2022-09-01";"Identificação de veículos";"321"
"2022-09-01";"Sexologia Forense";"302"
"2022-09-01";"Local de crime contra a vida";"233"
"2022-09-01";"Perícias papiloscópicas";"191"
"2022-09-01";"Engenharia Forense";"104"
"2022-09-01";"Documentoscopia";"72"
"2022-09-01";"Perícias ambientais";"62"
"2022-09-01";"Bioquímica Forense";"58"
"2022-09-01";"Anatomopatologia Forense";"21"
"2022-09-01";"Vestígios Biológicos";"20"
"2022-09-01";"Áudio e Imagem";"17"
"2022-09-01";"Odontologia Forense";"9"
"2022-09-01";"Merceologia";"6"
"2022-09-01";"Entomologia Forense";"2"
"2022-09-01";"Psiquiatria Forense";"2"
"2022-10-01";"Traumatologia Forense";"5413"
"2022-10-01";"Química Forense";"989"
"2022-10-01";"Informática Forense";"534"
"2022-10-01";"Tanatologia Forense";"351"
"2022-10-01";"Sexologia Forense";"333"
"2022-10-01";"Identificação de veículos";"301"
"2022-10-01";"Local de crime contra o patrimônio";"291"
"2022-10-01";"Balística";"281"
"2022-10-01";"Toxicologia Forense";"244"
"2022-10-01";"Local de crime contra a vida";"161"
"2022-10-01";"Perícias papiloscópicas";"146"
"2022-10-01";"Perícias ambientais";"95"
"2022-10-01";"Engenharia Forense";"93"
"2022-10-01";"Bioquímica Forense";"92"
"2022-10-01";"Vestígios Biológicos";"84"
"2022-10-01";"Documentoscopia";"71"
"2022-10-01";"Anatomopatologia Forense";"15"
"2022-10-01";"Odontologia Forense";"11"
"2022-10-01";"Áudio e Imagem";"10"
"2022-10-01";"Merceologia";"7"
"2022-10-01";"Antropologia Forense";"2"
"2022-10-01";"Entomologia Forense";"2"
"2022-10-01";"Psiquiatria Forense";"1"
"2022-11-01";"Traumatologia Forense";"5627"
"2022-11-01";"Química Forense";"1108"
"2022-11-01";"Informática Forense";"643"
"2022-11-01";"Tanatologia Forense";"406"
"2022-11-01";"Local de crime contra o patrimônio";"399"
"2022-11-01";"Toxicologia Forense";"379"
"2022-11-01";"Sexologia Forense";"352"
"2022-11-01";"Identificação de veículos";"303"
"2022-11-01";"Balística";"300"
"2022-11-01";"Local de crime contra a vida";"185"
"2022-11-01";"Perícias papiloscópicas";"139"
"2022-11-01";"Engenharia Forense";"98"
"2022-11-01";"Perícias ambientais";"92"
"2022-11-01";"Documentoscopia";"77"
"2022-11-01";"Vestígios Biológicos";"64"
"2022-11-01";"Bioquímica Forense";"37"
"2022-11-01";"Anatomopatologia Forense";"25"
"2022-11-01";"Áudio e Imagem";"19"
"2022-11-01";"Merceologia";"14"
"2022-11-01";"Odontologia Forense";"5"
"2022-11-01";"Psiquiatria Forense";"3"
"2022-11-01";"Antropologia Forense";"1"
"2022-11-01";"Entomologia Forense";"1"
"2022-12-01";"Traumatologia Forense";"5629"
"2022-12-01";"Química Forense";"906"
"2022-12-01";"Informática Forense";"624"
"2022-12-01";"Tanatologia Forense";"450"
"2022-12-01";"Balística";"341"
"2022-12-01";"Local de crime contra o patrimônio";"303"
"2022-12-01";"Sexologia Forense";"289"
"2022-12-01";"Identificação de veículos";"234"
"2022-12-01";"Toxicologia Forense";"222"
"2022-12-01";"Local de crime contra a vida";"204"
"2022-12-01";"Perícias papiloscópicas";"118"
"2022-12-01";"Perícias ambientais";"117"
"2022-12-01";"Bioquímica Forense";"96"
"2022-12-01";"Documentoscopia";"96"
"2022-12-01";"Engenharia Forense";"95"
"2022-12-01";"Vestígios Biológicos";"31"
"2022-12-01";"Áudio e Imagem";"21"
"2022-12-01";"Merceologia";"14"
"2022-12-01";"Anatomopatologia Forense";"11"
"2022-12-01";"Odontologia Forense";"9"
"2022-12-01";"Antropologia Forense";"2"
"2022-12-01";"Entomologia Forense";"1"
"2023-01-01";"Traumatologia Forense";"5997"
"2023-01-01";"Química Forense";"1076"
"2023-01-01";"Informática Forense";"673"
"2023-01-01";"Balística";"506"
"2023-01-01";"Tanatologia Forense";"479"
"2023-01-01";"Local de crime contra o patrimônio";"386"
"2023-01-01";"Toxicologia Forense";"386"
"2023-01-01";"Sexologia Forense";"317"
"2023-01-01";"Identificação de veículos";"270"
"2023-01-01";"Local de crime contra a vida";"264"
"2023-01-01";"Perícias papiloscópicas";"133"
"2023-01-01";"Perícias ambientais";"113"
"2023-01-01";"Engenharia Forense";"95"
"2023-01-01";"Documentoscopia";"92"
"2023-01-01";"Bioquímica Forense";"80"
"2023-01-01";"Merceologia";"30"
"2023-01-01";"Anatomopatologia Forense";"16"
"2023-01-01";"Áudio e Imagem";"10"
"2023-01-01";"Odontologia Forense";"6"
"2023-01-01";"Medicina Veterinária";"5"
"2023-01-01";"Antropologia Forense";"3"
"2023-01-01";"Entomologia Forense";"3"
"2023-01-01";"Contabilidade Forense";"1"
"2023-01-01";"Psiquiatria Forense";"1"
"2023-01-01";"Vestígios Biológicos";"1"
"2023-02-01";"Traumatologia Forense";"5656"
"2023-02-01";"Química Forense";"1163"
"2023-02-01";"Informática Forense";"677"
"2023-02-01";"Toxicologia Forense";"621"
"2023-02-01";"Local de crime contra o patrimônio";"426"
"2023-02-01";"Tanatologia Forense";"372"
"2023-02-01";"Balística";"336"
"2023-02-01";"Sexologia Forense";"326"
"2023-02-01";"Identificação de veículos";"319"
"2023-02-01";"Local de crime contra a vida";"247"
"2023-02-01";"Perícias papiloscópicas";"168"
"2023-02-01";"Bioquímica Forense";"159"
"2023-02-01";"Perícias ambientais";"150"
"2023-02-01";"Engenharia Forense";"101"
"2023-02-01";"Documentoscopia";"59"
"2023-02-01";"Anatomopatologia Forense";"35"
"2023-02-01";"Áudio e Imagem";"20"
"2023-02-01";"Merceologia";"10"
"2023-02-01";"Odontologia Forense";"9"
"2023-02-01";"Entomologia Forense";"3"
"2023-02-01";"Antropologia Forense";"2"
"2023-02-01";"Vestígios Biológicos";"2"
"2023-02-01";"Contabilidade Forense";"1"
"2023-03-01";"Traumatologia Forense";"6482"
"2023-03-01";"Química Forense";"1302"
"2023-03-01";"Informática Forense";"1000"
"2023-03-01";"Toxicologia Forense";"845"
"2023-03-01";"Tanatologia Forense";"490"
"2023-03-01";"Local de crime contra o patrimônio";"416"
"2023-03-01";"Balística";"394"
"2023-03-01";"Sexologia Forense";"393"
"2023-03-01";"Identificação de veículos";"328"
"2023-03-01";"Local de crime contra a vida";"270"
"2023-03-01";"Perícias papiloscópicas";"215"
"2023-03-01";"Perícias ambientais";"182"
"2023-03-01";"Engenharia Forense";"144"
"2023-03-01";"Bioquímica Forense";"105"
"2023-03-01";"Documentoscopia";"97"
"2023-03-01";"Áudio e Imagem";"39"
"2023-03-01";"Odontologia Forense";"14"
"2023-03-01";"Merceologia";"13"
"2023-03-01";"Medicina Veterinária";"5"
"2023-03-01";"Anatomopatologia Forense";"4"
"2023-03-01";"Entomologia Forense";"3"
"2023-03-01";"Antropologia Forense";"2"
"2023-03-01";"Vestígios Biológicos";"2"
"2023-03-01";"Psiquiatria Forense";"1"
"2023-04-01";"Traumatologia Forense";"5249"
"2023-04-01";"Química Forense";"938"
"2023-04-01";"Informática Forense";"819"
"2023-04-01";"Toxicologia Forense";"568"
"2023-04-01";"Tanatologia Forense";"425"
"2023-04-01";"Local de crime contra o patrimônio";"333"
"2023-04-01";"Sexologia Forense";"285"
"2023-04-01";"Balística";"269"
"2023-04-01";"Identificação de veículos";"251"
"2023-04-01";"Local de crime contra a vida";"183"
"2023-04-01";"Bioquímica Forense";"163"
"2023-04-01";"Perícias papiloscópicas";"155"
"2023-04-01";"Perícias ambientais";"123"
"2023-04-01";"Engenharia Forense";"100"
"2023-04-01";"Documentoscopia";"64"
"2023-04-01";"Anatomopatologia Forense";"52"
"2023-04-01";"Áudio e Imagem";"30"
"2023-04-01";"Odontologia Forense";"8"
"2023-04-01";"Merceologia";"6"
"2023-04-01";"Medicina Veterinária";"4"
"2023-04-01";"Antropologia Forense";"2"
"2023-04-01";"Contabilidade Forense";"1"
"2023-04-01";"Entomologia Forense";"1"
"2023-05-01";"Traumatologia Forense";"5825"
"2023-05-01";"Química Forense";"1275"
"2023-05-01";"Informática Forense";"1152"
"2023-05-01";"Tanatologia Forense";"508"
"2023-05-01";"Balística";"437"
"2023-05-01";"Local de crime contra o patrimônio";"424"
"2023-05-01";"Toxicologia Forense";"402"
"2023-05-01";"Sexologia Forense";"397"
"2023-05-01";"Identificação de veículos";"335"
"2023-05-01";"Local de crime contra a vida";"232"
"2023-05-01";"Perícias papiloscópicas";"184"
"2023-05-01";"Perícias ambientais";"147"
"2023-05-01";"Engenharia Forense";"145"
"2023-05-01";"Bioquímica Forense";"133"
"2023-05-01";"Documentoscopia";"99"
"2023-05-01";"Anatomopatologia Forense";"74"
"2023-05-01";"Odontologia Forense";"22"
"2023-05-01";"Áudio e Imagem";"16"
"2023-05-01";"Merceologia";"7"
"2023-05-01";"Medicina Veterinária";"3"
"2023-05-01";"Antropologia Forense";"1"
"2023-05-01";"Entomologia Forense";"1"
"2023-05-01";"Vestígios Biológicos";"1"
"2023-06-01";"Traumatologia Forense";"5313"
"2023-06-01";"Química Forense";"1085"
"2023-06-01";"Informática Forense";"1052"
"2023-06-01";"Tanatologia Forense";"466"
"2023-06-01";"Balística";"384"
"2023-06-01";"Local de crime contra o patrimônio";"348"
"2023-06-01";"Sexologia Forense";"318"
"2023-06-01";"Identificação de veículos";"312"
"2023-06-01";"Toxicologia Forense";"286"
"2023-06-01";"Local de crime contra a vida";"192"
"2023-06-01";"Perícias papiloscópicas";"179"
"2023-06-01";"Bioquímica Forense";"163"
"2023-06-01";"Perícias ambientais";"119"
"2023-06-01";"Engenharia Forense";"114"
"2023-06-01";"Documentoscopia";"70"
"2023-06-01";"Anatomopatologia Forense";"44"
"2023-06-01";"Áudio e Imagem";"22"
"2023-06-01";"Merceologia";"16"
"2023-06-01";"Medicina Veterinária";"5"
"2023-06-01";"Odontologia Forense";"4"
"2023-06-01";"Psiquiatria Forense";"2"
"2023-06-01";"Contabilidade Forense";"1"
"2023-06-01";"Entomologia Forense";"1"
"2023-07-01";"Traumatologia Forense";"5137"
"2023-07-01";"Química Forense";"1067"
"2023-07-01";"Informática Forense";"955"
"2023-07-01";"Tanatologia Forense";"423"
"2023-07-01";"Balística";"342"
"2023-07-01";"Local de crime contra o patrimônio";"337"
"2023-07-01";"Toxicologia Forense";"276"
"2023-07-01";"Sexologia Forense";"273"
"2023-07-01";"Identificação de veículos";"250"
"2023-07-01";"Bioquímica Forense";"168"
"2023-07-01";"Local de crime contra a vida";"165"
"2023-07-01";"Perícias papiloscópicas";"126"
"2023-07-01";"Perícias ambientais";"120"
"2023-07-01";"Documentoscopia";"72"
"2023-07-01";"Engenharia Forense";"69"
"2023-07-01";"Áudio e Imagem";"11"
"2023-07-01";"Odontologia Forense";"7"
"2023-07-01";"Medicina Veterinária";"5"
"2023-07-01";"Merceologia";"4"
"2023-07-01";"Anatomopatologia Forense";"3"
"2023-07-01";"Antropologia Forense";"2"
"2023-07-01";"Psiquiatria Forense";"2"
"2023-07-01";"Entomologia Forense";"1"
"2023-08-01";"Traumatologia Forense";"6204"
"2023-08-01";"Química Forense";"1400"
"2023-08-01";"Informática Forense";"1082"
"2023-08-01";"Tanatologia Forense";"485"
"2023-08-01";"Balística";"409"
"2023-08-01";"Local de crime contra o patrimônio";"400"
"2023-08-01";"Sexologia Forense";"358"
"2023-08-01";"Identificação de veículos";"357"
"2023-08-01";"Toxicologia Forense";"273"
"2023-08-01";"Local de crime contra a vida";"192"
"2023-08-01";"Perícias papiloscópicas";"170"
"2023-08-01";"Engenharia Forense";"115"
"2023-08-01";"Bioquímica Forense";"106"
"2023-08-01";"Perícias ambientais";"96"
"2023-08-01";"Documentoscopia";"74"
"2023-08-01";"Áudio e Imagem";"23"
"2023-08-01";"Anatomopatologia Forense";"18"
"2023-08-01";"Medicina Veterinária";"5"
"2023-08-01";"Odontologia Forense";"5"
"2023-08-01";"Psiquiatria Forense";"4"
"2023-08-01";"Antropologia Forense";"2"
"2023-08-01";"Merceologia";"2"
"2023-08-01";"Vestígios Biológicos";"1"
"2023-09-01";"Traumatologia Forense";"5754"
"2023-09-01";"Química Forense";"1009"
"2023-09-01";"Informática Forense";"932"
"2023-09-01";"Tanatologia Forense";"414"
"2023-09-01";"Local de crime contra o patrimônio";"406"
"2023-09-01";"Toxicologia Forense";"377"
"2023-09-01";"Balística";"361"
"2023-09-01";"Sexologia Forense";"349"
"2023-09-01";"Identificação de veículos";"270"
"2023-09-01";"Local de crime contra a vida";"180"
"2023-09-01";"Perícias papiloscópicas";"163"
"2023-09-01";"Bioquímica Forense";"108"
"2023-09-01";"Engenharia Forense";"107"
"2023-09-01";"Perícias ambientais";"85"
"2023-09-01";"Documentoscopia";"62"
"2023-09-01";"Áudio e Imagem";"33"
"2023-09-01";"Merceologia";"12"
"2023-09-01";"Odontologia Forense";"11"
"2023-09-01";"Medicina Veterinária";"7"
"2023-09-01";"Anatomopatologia Forense";"6"
"2023-09-01";"Psiquiatria Forense";"3"
"2023-09-01";"Antropologia Forense";"2"
"2023-09-01";"Entomologia Forense";"2"
"2023-09-01";"Contabilidade Forense";"1"
"2023-10-01";"Traumatologia Forense";"5289"
"2023-10-01";"Química Forense";"1042"
"2023-10-01";"Informática Forense";"1025"
"2023-10-01";"Local de crime contra o patrimônio";"425"
"2023-10-01";"Tanatologia Forense";"418"
"2023-10-01";"Balística";"390"
"2023-10-01";"Sexologia Forense";"322"
"2023-10-01";"Identificação de veículos";"296"
"2023-10-01";"Local de crime contra a vida";"191"
"2023-10-01";"Perícias papiloscópicas";"188"
"2023-10-01";"Bioquímica Forense";"177"
"2023-10-01";"Toxicologia Forense";"175"
"2023-10-01";"Perícias ambientais";"140"
"2023-10-01";"Engenharia Forense";"77"
"2023-10-01";"Documentoscopia";"64"
"2023-10-01";"Áudio e Imagem";"27"
"2023-10-01";"Anatomopatologia Forense";"18"
"2023-10-01";"Merceologia";"9"
"2023-10-01";"Odontologia Forense";"8"
"2023-10-01";"Medicina Veterinária";"7"
"2023-10-01";"Psiquiatria Forense";"4"
"2023-10-01";"Antropologia Forense";"3"
"2023-10-01";"Entomologia Forense";"3"
"2023-11-01";"Traumatologia Forense";"5550"
"2023-11-01";"Informática Forense";"1000"
"2023-11-01";"Química Forense";"976"
"2023-11-01";"Tanatologia Forense";"455"
"2023-11-01";"Local de crime contra o patrimônio";"372"
"2023-11-01";"Toxicologia Forense";"302"
"2023-11-01";"Sexologia Forense";"300"
"2023-11-01";"Balística";"292"
"2023-11-01";"Bioquímica Forense";"256"
"2023-11-01";"Identificação de veículos";"244"
"2023-11-01";"Local de crime contra a vida";"179"
"2023-11-01";"Perícias papiloscópicas";"161"
"2023-11-01";"Perícias ambientais";"122"
"2023-11-01";"Documentoscopia";"88"
"2023-11-01";"Engenharia Forense";"67"
"2023-11-01";"Áudio e Imagem";"16"
"2023-11-01";"Anatomopatologia Forense";"10"
"2023-11-01";"Medicina Veterinária";"6"
"2023-11-01";"Odontologia Forense";"6"
"2023-11-01";"Merceologia";"3"
"2023-11-01";"Vestígios Biológicos";"3"
"2023-11-01";"Entomologia Forense";"1"
"2023-12-01";"Traumatologia Forense";"5237"
"2023-12-01";"Informática Forense";"741"
"2023-12-01";"Química Forense";"741"
"2023-12-01";"Tanatologia Forense";"428"
"2023-12-01";"Local de crime contra o patrimônio";"314"
"2023-12-01";"Sexologia Forense";"281"
"2023-12-01";"Toxicologia Forense";"281"
"2023-12-01";"Balística";"275"
"2023-12-01";"Bioquímica Forense";"266"
"2023-12-01";"Identificação de veículos";"202"
"2023-12-01";"Local de crime contra a vida";"155"
"2023-12-01";"Perícias ambientais";"102"
"2023-12-01";"Perícias papiloscópicas";"92"
"2023-12-01";"Documentoscopia";"64"
"2023-12-01";"Engenharia Forense";"60"
"2023-12-01";"Áudio e Imagem";"21"
"2023-12-01";"Merceologia";"8"
"2023-12-01";"Anatomopatologia Forense";"6"
"2023-12-01";"Odontologia Forense";"4"
"2023-12-01";"Psiquiatria Forense";"2"
"2023-12-01";"Antropologia Forense";"1"
"2023-12-01";"Medicina Veterinária";"1"
"2023-12-01";"Vestígios Biológicos";"1"
"2024-01-01";"Traumatologia Forense";"5825"
"2024-01-01";"Química Forense";"1200"
"2024-01-01";"Informática Forense";"872"
"2024-01-01";"Tanatologia Forense";"611"
"2024-01-01";"Local de crime contra o patrimônio";"413"
"2024-01-01";"Sexologia Forense";"323"
"2024-01-01";"Balística";"287"
"2024-01-01";"Identificação de veículos";"258"
"2024-01-01";"Bioquímica Forense";"218"
"2024-01-01";"Local de crime contra a vida";"217"
"2024-01-01";"Perícias papiloscópicas";"169"
"2024-01-01";"Toxicologia Forense";"132"
"2024-01-01";"Perícias ambientais";"108"
"2024-01-01";"Engenharia Forense";"96"
"2024-01-01";"Documentoscopia";"58"
"2024-01-01";"Áudio e Imagem";"33"
"2024-01-01";"Anatomopatologia Forense";"26"
"2024-01-01";"Odontologia Forense";"13"
"2024-01-01";"Merceologia";"10"
"2024-01-01";"Antropologia Forense";"7"
"2024-01-01";"Medicina Veterinária";"4"
"2024-01-01";"Entomologia Forense";"2"
"2024-01-01";"Psiquiatria Forense";"1"
"2024-02-01";"Traumatologia Forense";"5661"
"2024-02-01";"Química Forense";"1134"
"2024-02-01";"Informática Forense";"1065"
"2024-02-01";"Tanatologia Forense";"523"
"2024-02-01";"Toxicologia Forense";"442"
"2024-02-01";"Local de crime contra o patrimônio";"434"
"2024-02-01";"Balística";"386"
"2024-02-01";"Identificação de veículos";"287"
"2024-02-01";"Sexologia Forense";"272"
"2024-02-01";"Bioquímica Forense";"264"
"2024-02-01";"Local de crime contra a vida";"217"
"2024-02-01";"Perícias papiloscópicas";"161"
"2024-02-01";"Perícias ambientais";"99"
"2024-02-01";"Engenharia Forense";"87"
"2024-02-01";"Documentoscopia";"54"
"2024-02-01";"Áudio e Imagem";"25"
"2024-02-01";"Anatomopatologia Forense";"14"
"2024-02-01";"Antropologia Forense";"4"
"2024-02-01";"Medicina Veterinária";"4"
"2024-02-01";"Merceologia";"3"
"2024-02-01";"Odontologia Forense";"3"
"2024-02-01";"Entomologia Forense";"1"
"2024-03-01";"Traumatologia Forense";"6144"
"2024-03-01";"Informática Forense";"1044"
"2024-03-01";"Química Forense";"1033"
"2024-03-01";"Tanatologia Forense";"584"
"2024-03-01";"Local de crime contra o patrimônio";"555"
"2024-03-01";"Toxicologia Forense";"465"
"2024-03-01";"Balística";"374"
"2024-03-01";"Sexologia Forense";"321"
"2024-03-01";"Identificação de veículos";"269"
"2024-03-01";"Bioquímica Forense";"248"
"2024-03-01";"Local de crime contra a vida";"233"
"2024-03-01";"Perícias papiloscópicas";"224"
"2024-03-01";"Perícias ambientais";"118"
"2024-03-01";"Engenharia Forense";"96"
"2024-03-01";"Documentoscopia";"74"
"2024-03-01";"Áudio e Imagem";"23"
"2024-03-01";"Anatomopatologia Forense";"12"
"2024-03-01";"Odontologia Forense";"9"
"2024-03-01";"Medicina Veterinária";"6"
"2024-03-01";"Merceologia";"6"
"2024-03-01";"Antropologia Forense";"3"
"2024-03-01";"Entomologia Forense";"3"
"2024-04-01";"Traumatologia Forense";"6197"
"2024-04-01";"Química Forense";"1270"
"2024-04-01";"Informática Forense";"1140"
"2024-04-01";"Tanatologia Forense";"593"
"2024-04-01";"Local de crime contra o patrimônio";"559"
"2024-04-01";"Balística";"375"
"2024-04-01";"Toxicologia Forense";"371"
"2024-04-01";"Identificação de veículos";"316"
"2024-04-01";"Sexologia Forense";"306"
"2024-04-01";"Perícias papiloscópicas";"259"
"2024-04-01";"Bioquímica Forense";"258"
"2024-04-01";"Local de crime contra a vida";"242"
"2024-04-01";"Perícias ambientais";"147"
"2024-04-01";"Engenharia Forense";"120"
"2024-04-01";"Documentoscopia";"64"
"2024-04-01";"Áudio e Imagem";"12"
"2024-04-01";"Merceologia";"11"
"2024-04-01";"Anatomopatologia Forense";"8"
"2024-04-01";"Medicina Veterinária";"7"
"2024-04-01";"Entomologia Forense";"4"
"2024-04-01";"Antropologia Forense";"1"
"2024-04-01";"Odontologia Forense";"1"
"2024-05-01";"Traumatologia Forense";"5426"
"2024-05-01";"Informática Forense";"1180"
"2024-05-01";"Química Forense";"941"
"2024-05-01";"Tanatologia Forense";"569"
"2024-05-01";"Local de crime contra o patrimônio";"420"
"2024-05-01";"Balística";"373"
"2024-05-01";"Identificação de veículos";"305"
"2024-05-01";"Sexologia Forense";"285"
"2024-05-01";"Toxicologia Forense";"260"
"2024-05-01";"Local de crime contra a vida";"227"
"2024-05-01";"Bioquímica Forense";"216"
"2024-05-01";"Perícias papiloscópicas";"207"
"2024-05-01";"Engenharia Forense";"97"
"2024-05-01";"Perícias ambientais";"75"
"2024-05-01";"Documentoscopia";"60"
"2024-05-01";"Áudio e Imagem";"23"
"2024-05-01";"Anatomopatologia Forense";"21"
"2024-05-01";"Merceologia";"16"
"2024-05-01";"Medicina Veterinária";"11"
"2024-05-01";"Odontologia Forense";"10"
"2024-05-01";"Psiquiatria Forense";"3"
"2024-05-01";"Antropologia Forense";"1"
"2024-06-01";"Traumatologia Forense";"5559"
"2024-06-01";"Informática Forense";"1204"
"2024-06-01";"Química Forense";"1043"
"2024-06-01";"Tanatologia Forense";"499"
"2024-06-01";"Local de crime contra o patrimônio";"407"
"2024-06-01";"Balística";"352"
"2024-06-01";"Sexologia Forense";"339"
"2024-06-01";"Bioquímica Forense";"296"
"2024-06-01";"Identificação de veículos";"226"
"2024-06-01";"Local de crime contra a vida";"192"
"2024-06-01";"Toxicologia Forense";"183"
"2024-06-01";"Perícias papiloscópicas";"173"
"2024-06-01";"Perícias ambientais";"129"
"2024-06-01";"Engenharia Forense";"90"
"2024-06-01";"Documentoscopia";"53"
"2024-06-01";"Anatomopatologia Forense";"27"
"2024-06-01";"Medicina Veterinária";"24"
"2024-06-01";"Áudio e Imagem";"19"
"2024-06-01";"Odontologia Forense";"13"
"2024-06-01";"Merceologia";"10"
"2024-06-01";"Psiquiatria Forense";"6"
"2024-06-01";"Antropologia Forense";"4"
"2024-07-01";"Traumatologia Forense";"5462"
"2024-07-01";"Informática Forense";"1547"
"2024-07-01";"Química Forense";"1118"
"2024-07-01";"Tanatologia Forense";"531"
"2024-07-01";"Local de crime contra o patrimônio";"489"
"2024-07-01";"Identificação de veículos";"292"
"2024-07-01";"Sexologia Forense";"270"
"2024-07-01";"Balística";"244"
"2024-07-01";"Perícias papiloscópicas";"229"
"2024-07-01";"Local de crime contra a vida";"198"
"2024-07-01";"Bioquímica Forense";"177"
"2024-07-01";"Engenharia Forense";"106"
"2024-07-01";"Perícias ambientais";"106"
"2024-07-01";"Documentoscopia";"96"
"2024-07-01";"Toxicologia Forense";"39"
"2024-07-01";"Medicina Veterinária";"27"
"2024-07-01";"Áudio e Imagem";"18"
"2024-07-01";"Anatomopatologia Forense";"13"
"2024-07-01";"Psiquiatria Forense";"13"
"2024-07-01";"Odontologia Forense";"9"
"2024-07-01";"Merceologia";"8"
"2024-07-01";"Entomologia Forense";"3"
"2024-07-01";"Antropologia Forense";"2"
"2024-08-01";"Traumatologia Forense";"5676"
"2024-08-01";"Informática Forense";"1243"
"2024-08-01";"Química Forense";"1152"
"2024-08-01";"Tanatologia Forense";"525"
"2024-08-01";"Local de crime contra o patrimônio";"491"
"2024-08-01";"Toxicologia Forense";"464"
"2024-08-01";"Balística";"456"
"2024-08-01";"Sexologia Forense";"351"
"2024-08-01";"Identificação de veículos";"321"
"2024-08-01";"Local de crime contra a vida";"218"
"2024-08-01";"Perícias papiloscópicas";"154"
"2024-08-01";"Bioquímica Forense";"148"
"2024-08-01";"Perícias ambientais";"103"
"2024-08-01";"Engenharia Forense";"101"
"2024-08-01";"Documentoscopia";"65"
"2024-08-01";"Anatomopatologia Forense";"42"
"2024-08-01";"Áudio e Imagem";"18"
"2024-08-01";"Medicina Veterinária";"12"
"2024-08-01";"Odontologia Forense";"11"
"2024-08-01";"Psiquiatria Forense";"10"
"2024-08-01";"Merceologia";"9"
"2024-08-01";"Antropologia Forense";"3"
"2024-08-01";"Entomologia Forense";"1"
"2024-09-01";"Traumatologia Forense";"5892"
"2024-09-01";"Informática Forense";"1443"
"2024-09-01";"Química Forense";"919"
"2024-09-01";"Toxicologia Forense";"556"
"2024-09-01";"Tanatologia Forense";"523"
"2024-09-01";"Local de crime contra o patrimônio";"415"
"2024-09-01";"Sexologia Forense";"356"
"2024-09-01";"Balística";"341"
"2024-09-01";"Bioquímica Forense";"256"
"2024-09-01";"Identificação de veículos";"244"
"2024-09-01";"Local de crime contra a vida";"190"
"2024-09-01";"Perícias papiloscópicas";"168"
"2024-09-01";"Engenharia Forense";"130"
"2024-09-01";"Perícias ambientais";"101"
"2024-09-01";"Documentoscopia";"66"
"2024-09-01";"Áudio e Imagem";"27"
"2024-09-01";"Psiquiatria Forense";"23"
"2024-09-01";"Anatomopatologia Forense";"21"
"2024-09-01";"Merceologia";"20"
"2024-09-01";"Medicina Veterinária";"12"
"2024-09-01";"Odontologia Forense";"6"
"2024-09-01";"Antropologia Forense";"3"
"2024-09-01";"Contabilidade Forense";"1"
"2024-09-01";"Entomologia Forense";"1"
"2024-10-01";"Traumatologia Forense";"6049"
"2024-10-01";"Informática Forense";"1427"
"2024-10-01";"Química Forense";"820"
"2024-10-01";"Local de crime contra o patrimônio";"482"
"2024-10-01";"Toxicologia Forense";"475"
"2024-10-01";"Tanatologia Forense";"473"
"2024-10-01";"Sexologia Forense";"393"
"2024-10-01";"Balística";"392"
"2024-10-01";"Identificação de veículos";"272"
"2024-10-01";"Local de crime contra a vida";"204"
"2024-10-01";"Perícias papiloscópicas";"169"
"2024-10-01";"Engenharia Forense";"151"
"2024-10-01";"Bioquímica Forense";"135"
"2024-10-01";"Documentoscopia";"100"
"2024-10-01";"Perícias ambientais";"91"
"2024-10-01";"Áudio e Imagem";"41"
"2024-10-01";"Anatomopatologia Forense";"27"
"2024-10-01";"Medicina Veterinária";"21"
"2024-10-01";"Merceologia";"16"
"2024-10-01";"Psiquiatria Forense";"16"
"2024-10-01";"Odontologia Forense";"8"
"2024-10-01";"Antropologia Forense";"4"
"2024-10-01";"Banco de Perfis Balísticos de Santa Catarina";"4"
"2024-10-01";"Contabilidade Forense";"1"
"2024-10-01";"Entomologia Forense";"1"
"2024-11-01";"Traumatologia Forense";"5848"
"2024-11-01";"Informática Forense";"1204"
"2024-11-01";"Química Forense";"864"
"2024-11-01";"Tanatologia Forense";"430"
"2024-11-01";"Local de crime contra o patrimônio";"380"
"2024-11-01";"Sexologia Forense";"317"
"2024-11-01";"Balística";"316"
"2024-11-01";"Identificação de veículos";"273"
"2024-11-01";"Toxicologia Forense";"257"
"2024-11-01";"Local de crime contra a vida";"170"
"2024-11-01";"Bioquímica Forense";"128"
"2024-11-01";"Perícias papiloscópicas";"110"
"2024-11-01";"Engenharia Forense";"91"
"2024-11-01";"Perícias ambientais";"86"
"2024-11-01";"Documentoscopia";"72"
"2024-11-01";"Áudio e Imagem";"34"
"2024-11-01";"Psiquiatria Forense";"21"
"2024-11-01";"Medicina Veterinária";"20"
"2024-11-01";"Anatomopatologia Forense";"18"
"2024-11-01";"Merceologia";"13"
"2024-11-01";"Banco de Perfis Balísticos de Santa Catarina";"6"
"2024-11-01";"Odontologia Forense";"6"
"2024-11-01";"Antropologia Forense";"4"
"2024-11-01";"Entomologia Forense";"1"
"2024-12-01";"Traumatologia Forense";"5213"
"2024-12-01";"Informática Forense";"1026"
"2024-12-01";"Química Forense";"828"
"2024-12-01";"Tanatologia Forense";"490"
"2024-12-01";"Local de crime contra o patrimônio";"282"
"2024-12-01";"Sexologia Forense";"258"
"2024-12-01";"Balística";"253"
"2024-12-01";"Toxicologia Forense";"238"
"2024-12-01";"Identificação de veículos";"237"
"2024-12-01";"Local de crime contra a vida";"161"
"2024-12-01";"Bioquímica Forense";"134"
"2024-12-01";"Perícias ambientais";"85"
"2024-12-01";"Perícias papiloscópicas";"77"
"2024-12-01";"Engenharia Forense";"72"
"2024-12-01";"Documentoscopia";"63"
"2024-12-01";"Áudio e Imagem";"25"
"2024-12-01";"Psiquiatria Forense";"18"
"2024-12-01";"Anatomopatologia Forense";"13"
"2024-12-01";"Merceologia";"13"
"2024-12-01";"Medicina Veterinária";"11"
"2024-12-01";"Odontologia Forense";"7"
"2024-12-01";"Banco de Perfis Balísticos de Santa Catarina";"2"
"2024-12-01";"Antropologia Forense";"1"
"2024-12-01";"Contabilidade Forense";"1"
"2025-01-01";"Traumatologia Forense";"6144"
"2025-01-01";"Informática Forense";"1236"
"2025-01-01";"Química Forense";"889"
"2025-01-01";"Tanatologia Forense";"619"
"2025-01-01";"Local de crime contra o patrimônio";"350"
"2025-01-01";"Toxicologia Forense";"338"
"2025-01-01";"Balística";"317"
"2025-01-01";"Sexologia Forense";"285"
"2025-01-01";"Identificação de veículos";"236"
"2025-01-01";"Local de crime contra a vida";"185"
"2025-01-01";"Bioquímica Forense";"176"
"2025-01-01";"Engenharia Forense";"126"
"2025-01-01";"Perícias papiloscópicas";"97"
"2025-01-01";"Perícias ambientais";"91"
"2025-01-01";"Documentoscopia";"37"
"2025-01-01";"Áudio e Imagem";"33"
"2025-01-01";"Anatomopatologia Forense";"25"
"2025-01-01";"Psiquiatria Forense";"15"
"2025-01-01";"Medicina Veterinária";"14"
"2025-01-01";"Merceologia";"12"
"2025-01-01";"Odontologia Forense";"11"
"2025-01-01";"Antropologia Forense";"5"
"2025-01-01";"Banco de Perfis Balísticos de Santa Catarina";"1"
"2025-01-01";"Entomologia Forense";"1"
"2025-02-01";"Traumatologia Forense";"6076"
"2025-02-01";"Informática Forense";"1492"
"2025-02-01";"Química Forense";"1247"
"2025-02-01";"Tanatologia Forense";"569"
"2025-02-01";"Toxicologia Forense";"493"
"2025-02-01";"Local de crime contra o patrimônio";"392"
"2025-02-01";"Balística";"370"
"2025-02-01";"Identificação de veículos";"288"
"2025-02-01";"Sexologia Forense";"275"
"2025-02-01";"Bioquímica Forense";"270"
"2025-02-01";"Local de crime contra a vida";"223"
"2025-02-01";"Perícias papiloscópicas";"143"
"2025-02-01";"Engenharia Forense";"142"
"2025-02-01";"Perícias ambientais";"98"
"2025-02-01";"Documentoscopia";"85"
"2025-02-01";"Áudio e Imagem";"41"
"2025-02-01";"Anatomopatologia Forense";"30"
"2025-02-01";"Psiquiatria Forense";"22"
"2025-02-01";"Odontologia Forense";"12"
"2025-02-01";"Medicina Veterinária";"11"
"2025-02-01";"Merceologia";"10"
"2025-02-01";"Banco de Perfis Balísticos de Santa Catarina";"7"
"2025-02-01";"Antropologia Forense";"4"
"2025-02-01";"Entomologia Forense";"1"
"2025-03-01";"Traumatologia Forense";"6531"
"2025-03-01";"Informática Forense";"1336"
"2025-03-01";"Química Forense";"1008"
"2025-03-01";"Tanatologia Forense";"586"
"2025-03-01";"Toxicologia Forense";"355"
"2025-03-01";"Balística";"339"
"2025-03-01";"Local de crime contra o patrimônio";"317"
"2025-03-01";"Sexologia Forense";"307"
"2025-03-01";"Identificação de veículos";"259"
"2025-03-01";"Bioquímica Forense";"230"
"2025-03-01";"Local de crime contra a vida";"194"
"2025-03-01";"Perícias papiloscópicas";"144"
"2025-03-01";"Documentoscopia";"98"
"2025-03-01";"Engenharia Forense";"98"
"2025-03-01";"Perícias ambientais";"85"
"2025-03-01";"Psiquiatria Forense";"21"
"2025-03-01";"Anatomopatologia Forense";"18"
"2025-03-01";"Áudio e Imagem";"18"
"2025-03-01";"Merceologia";"11"
"2025-03-01";"Odontologia Forense";"10"
"2025-03-01";"Medicina Veterinária";"9"
"2025-03-01";"Antropologia Forense";"4"
"2025-03-01";"Banco de Perfis Balísticos de Santa Catarina";"3"
"2025-03-01";"Entomologia Forense";"3"
"2025-04-01";"Traumatologia Forense";"6000"
"2025-04-01";"Informática Forense";"1257"
"2025-04-01";"Química Forense";"1046"
"2025-04-01";"Tanatologia Forense";"506"
"2025-04-01";"Local de crime contra o patrimônio";"440"
"2025-04-01";"Balística";"365"
"2025-04-01";"Toxicologia Forense";"321"
"2025-04-01";"Sexologia Forense";"309"
"2025-04-01";"Identificação de veículos";"285"
"2025-04-01";"Bioquímica Forense";"223"
"2025-04-01";"Local de crime contra a vida";"217"
"2025-04-01";"Perícias papiloscópicas";"184"
"2025-04-01";"Documentoscopia";"94"
"2025-04-01";"Engenharia Forense";"93"
"2025-04-01";"Perícias ambientais";"81"
"2025-04-01";"Áudio e Imagem";"22"
"2025-04-01";"Anatomopatologia Forense";"21"
"2025-04-01";"Medicina Veterinária";"12"
"2025-04-01";"Merceologia";"12"
"2025-04-01";"Psiquiatria Forense";"12"
"2025-04-01";"Odontologia Forense";"7"
"2025-04-01";"Banco de Perfis Balísticos de Santa Catarina";"3"
"2025-04-01";"Entomologia Forense";"3"
"2025-04-01";"Contabilidade Forense";"2"
"2025-05-01";"Traumatologia Forense";"6235"
"2025-05-01";"Informática Forense";"1339"
"2025-05-01";"Química Forense";"1307"
"2025-05-01";"Toxicologia Forense";"455"
"2025-05-01";"Local de crime contra o patrimônio";"448"
"2025-05-01";"Tanatologia Forense";"433"
"2025-05-01";"Balística";"362"
"2025-05-01";"Identificação de veículos";"302"
"2025-05-01";"Sexologia Forense";"295"
"2025-05-01";"Local de crime contra a vida";"251"
"2025-05-01";"Bioquímica Forense";"234"
"2025-05-01";"Perícias papiloscópicas";"225"
"2025-05-01";"Engenharia Forense";"110"
"2025-05-01";"Perícias ambientais";"102"
"2025-05-01";"Documentoscopia";"93"
"2025-05-01";"Anatomopatologia Forense";"26"
"2025-05-01";"Áudio e Imagem";"23"
"2025-05-01";"Medicina Veterinária";"20"
"2025-05-01";"Psiquiatria Forense";"19"
"2025-05-01";"Merceologia";"18"
"2025-05-01";"Odontologia Forense";"17"
"2025-05-01";"Banco de Perfis Balísticos de Santa Catarina";"2"
"2025-05-01";"Entomologia Forense";"2"
"2025-05-01";"Antropologia Forense";"1"
"2025-06-01";"Traumatologia Forense";"5330"
"2025-06-01";"Informática Forense";"1251"
"2025-06-01";"Química Forense";"940"
"2025-06-01";"Tanatologia Forense";"419"
"2025-06-01";"Local de crime contra o patrimônio";"380"
"2025-06-01";"Balística";"311"
"2025-06-01";"Identificação de veículos";"307"
"2025-06-01";"Sexologia Forense";"242"
"2025-06-01";"Perícias papiloscópicas";"196"
"2025-06-01";"Bioquímica Forense";"182"
"2025-06-01";"Toxicologia Forense";"176"
"2025-06-01";"Local de crime contra a vida";"172"
"2025-06-01";"Engenharia Forense";"94"
"2025-06-01";"Perícias ambientais";"88"
"2025-06-01";"Documentoscopia";"76"
"2025-06-01";"Anatomopatologia Forense";"22"
"2025-06-01";"Psiquiatria Forense";"17"
"2025-06-01";"Áudio e Imagem";"16"
"2025-06-01";"Medicina Veterinária";"14"
"2025-06-01";"Merceologia";"14"
"2025-06-01";"Odontologia Forense";"4"
"2025-06-01";"Antropologia Forense";"2"
"2025-06-01";"Contabilidade Forense";"1"
"2025-07-01";"Traumatologia Forense";"6268"
"2025-07-01";"Química Forense";"1240"
"2025-07-01";"Informática Forense";"1191"
"2025-07-01";"Local de crime contra o patrimônio";"429"
"2025-07-01";"Tanatologia Forense";"405"
"2025-07-01";"Balística";"365"
"2025-07-01";"Identificação de veículos";"287"
"2025-07-01";"Perícias papiloscópicas";"277"
"2025-07-01";"Sexologia Forense";"270"
"2025-07-01";"Toxicologia Forense";"210"
"2025-07-01";"Local de crime contra a vida";"207"
"2025-07-01";"Bioquímica Forense";"206"
"2025-07-01";"Perícias ambientais";"124"
"2025-07-01";"Engenharia Forense";"118"
"2025-07-01";"Documentoscopia";"66"
"2025-07-01";"Áudio e Imagem";"28"
"2025-07-01";"Psiquiatria Forense";"25"
"2025-07-01";"Merceologia";"22"
"2025-07-01";"Medicina Veterinária";"18"
"2025-07-01";"Anatomopatologia Forense";"17"
"2025-07-01";"Odontologia Forense";"17"
"2025-07-01";"Antropologia Forense";"3"
"2025-07-01";"Entomologia Forense";"3"
"2025-07-01";"Banco de Perfis Balísticos de Santa Catarina";"2"
"2025-07-01";"Contabilidade Forense";"2"
"2025-08-01";"Traumatologia Forense";"1736"
"2025-08-01";"Química Forense";"345"
"2025-08-01";"Informática Forense";"333"
"2025-08-01";"Tanatologia Forense";"119"
"2025-08-01";"Toxicologia Forense";"109"
"2025-08-01";"Local de crime contra o patrimônio";"92"
"2025-08-01";"Balística";"90"
"2025-08-01";"Perícias papiloscópicas";"76"
"2025-08-01";"Sexologia Forense";"73"
"2025-08-01";"Identificação de veículos";"71"
"2025-08-01";"Local de crime contra a vida";"61"
"2025-08-01";"Bioquímica Forense";"44"
"2025-08-01";"Engenharia Forense";"33"
"2025-08-01";"Perícias ambientais";"29"
"2025-08-01";"Documentoscopia";"20"
"2025-08-01";"Áudio e Imagem";"7"
"2025-08-01";"Psiquiatria Forense";"6"
"2025-08-01";"Medicina Veterinária";"5"
"2025-08-01";"Merceologia";"3"
"2025-08-01";"Odontologia Forense";"3"
"2025-08-01";"Banco de Perfis Balísticos de Santa Catarina";"2"
